Incident ID,Incident Date,# Injured
271363,29-12-2014,4
191416,15-09-2014,5
175767,13-08-2014,4
172304,10-08-2014,5
152468,29-06-2014,9
140185,23-05-2014,7
125028,12-04-2014,3
123008,07-04-2014,4
105010,06-02-2014,4
476321,31-12-2015,6
451495,22-11-2015,17
432711,18-10-2015,4
402108,25-08-2015,3
382170,26-07-2015,4
364210,25-06-2015,4
352779,05-06-2015,3
346725,26-05-2015,2
711597,27-11-2016,9
710467,25-11-2016,4
669777,04-10-2016,2
653077,11-09-2016,5
563829,22-05-2016,4
986092,11-11-2017,5
944448,28-09-2017,3
930266,10-09-2017,3
863075,08-06-2017,6
858719,03-06-2017,2
772067,10-02-2017,5
1174190,28-07-2018,7
1172333,25-07-2018,4
1105061,01-05-2018,5
1097700,22-04-2018,4
1084847,04-04-2018,2
1049024,13-02-2018,3
1579266,24-12-2019,4
1567231,08-12-2019,4
1561966,01-12-2019,2
1561734,01-12-2019,12
1509411,21-09-2019,4
1508859,20-09-2019,5
1393960,13-05-2019,4
1329075,17-02-2019,5
1864177,28-11-2020,4
1859186,22-11-2020,3
1845477,06-11-2020,2
1828796,19-10-2020,3
1791482,10-09-2020,2
1788168,07-09-2020,4
1705346,14-06-2020,2
1622340,15-02-2020,4
2135666,07-10-2021,4
2134359,06-10-2021,2
2085542,08-08-2021,5
2079920,01-08-2021,3
2079913,01-08-2021,5
2026257,05-06-2021,9
1992534,01-05-2021,4
1985432,24-04-2021,5
1955948,18-03-2021,4
1894822,04-01-2021,4
2488209,26-12-2022,4
2477404,08-12-2022,4
2468894,27-11-2022,5
2442632,21-10-2022,3
2369720,25-07-2022,4
2328117,12-06-2022,4
2307813,20-05-2022,3
2296037,06-05-2022,4
2290903,29-04-2022,6
2215256,19-01-2022,4
2566449,07-04-2023,4
2529243,19-02-2023,4
2521112,08-02-2023,4
2496431,05-01-2023,3
2494425,03-01-2023,5
269679,27-12-2014,3
218054,07-11-2014,4
185430,03-09-2014,6
152693,29-06-2014,5
149706,13-06-2014,1
173109,22-04-2014,3
96792,14-01-2014,4
464665,13-12-2015,3
395694,15-08-2015,4
355644,10-06-2015,3
717873,03-12-2016,6
689009,29-10-2016,5
676663,15-10-2016,11
629663,13-08-2016,4
624156,07-08-2016,3
595557,05-07-2016,4
591975,28-06-2016,3
537820,10-04-2016,4
501267,06-02-2016,3
491312,23-01-2016,2
894504,19-07-2017,3
858877,02-06-2017,3
1244424,30-10-2018,5
1174527,28-07-2018,4
1156528,05-07-2018,3
1114725,13-05-2018,2
1037541,27-01-2018,5
1556633,24-11-2019,6
1555879,23-11-2019,4
1485548,22-08-2019,4
1439737,04-07-2019,4
1395560,14-05-2019,4
1381734,27-04-2019,6
1369109,11-04-2019,4
1812972,02-10-2020,4
1689555,26-05-2020,5
1652734,05-04-2020,3
2201216,31-12-2021,6
2124887,24-09-2021,4
2101199,27-08-2021,4
2094035,18-08-2021,4
2058421,09-07-2021,4
1999909,09-05-2021,3
2414858,14-09-2022,4
2410269,08-09-2022,4
2399839,28-08-2022,6
2366273,21-07-2022,5
2328374,12-06-2022,4
2207931,09-01-2022,4
2539082,04-03-2023,4
2516494,01-02-2023,5
270036,27-12-2014,4
158387,13-07-2014,4
141792,01-06-2014,4
156823,10-05-2014,6
455684,27-11-2015,2
295871,20-02-2015,4
724667,12-12-2016,3
699033,12-11-2016,5
672217,09-10-2016,3
626960,10-08-2016,3
568745,30-05-2016,5
921733,27-08-2017,4
912322,13-08-2017,4
832290,29-04-2017,5
787801,04-03-2017,4
1398876,17-05-2019,3
1839628,31-10-2020,4
1813583,03-10-2020,3
1773194,24-08-2020,3
1702372,10-06-2020,4
1698868,06-06-2020,4
2154873,30-10-2021,5
2065634,16-07-2021,4
2458933,12-11-2022,4
2348230,04-07-2022,4
2281164,17-04-2022,3
2269082,03-04-2022,12
2243861,28-02-2022,0
2539814,06-03-2023,1
269167,26-12-2014,3
268598,24-12-2014,3
227011,02-12-2014,5
197287,27-09-2014,5
168786,03-08-2014,5
165089,27-07-2014,5
155412,06-07-2014,4
153648,29-06-2014,4
389149,04-08-2015,4
382230,22-07-2015,6
374292,14-07-2015,4
357611,14-06-2015,4
355267,09-06-2015,3
346179,24-05-2015,4
491864,07-03-2015,4
640689,28-08-2016,2
617712,30-07-2016,5
602765,13-07-2016,2
920513,24-08-2017,0
912093,12-08-2017,3
875886,25-06-2017,3
870095,18-06-2017,2
858810,03-06-2017,2
857443,01-06-2017,1
802240,24-03-2017,6
1260525,21-11-2018,4
1232018,13-10-2018,4
1194057,22-08-2018,4
1184992,10-08-2018,4
1155567,03-07-2018,5
1113737,11-05-2018,4
1111950,09-05-2018,4
1100852,25-04-2018,1
1040815,31-01-2018,4
1520547,05-10-2019,5
1517804,01-10-2019,4
1504030,14-09-2019,3
1486675,23-08-2019,3
1472641,07-08-2019,1
1441613,07-07-2019,5
1441721,06-07-2019,0
1407941,27-05-2019,2
1394330,13-05-2019,1
1392313,10-05-2019,6
1386510,04-05-2019,4
1806368,26-09-2020,5
1786890,06-09-2020,3
1754640,04-08-2020,3
1749746,29-07-2020,2
1704116,13-06-2020,4
1694735,01-06-2020,4
1687219,24-05-2020,4
1676121,09-05-2020,4
1642826,20-03-2020,4
1585894,01-01-2020,2
2143113,17-10-2021,3
2121031,20-09-2021,3
2111895,08-09-2021,4
2041726,21-06-2021,4
2026802,06-06-2021,4
2021398,31-05-2021,4
2019384,29-05-2021,3
2443879,24-10-2022,4
2407739,05-09-2022,3
2385846,12-08-2022,3
2299793,11-05-2022,3
2222557,29-01-2022,1
2528774,18-02-2023,4
267792,23-12-2014,3
268282,22-12-2014,3
206303,16-10-2014,3
201052,05-10-2014,5
189562,11-09-2014,7
181947,27-08-2014,3
157018,26-06-2014,2
138567,24-05-2014,4
96185,13-01-2014,4
391219,09-08-2015,3
374965,15-07-2015,4
365391,28-06-2015,5
364789,27-06-2015,4
361212,20-06-2015,11
336622,07-05-2015,4
299344,01-03-2015,5
605367,17-07-2016,4
555873,06-05-2016,4
542259,16-04-2016,4
520767,11-03-2016,2
513549,28-02-2016,5
999969,02-12-2017,4
998843,30-11-2017,4
936028,17-09-2017,3
803460,25-03-2017,3
797125,18-03-2017,2
1244754,31-10-2018,3
1184206,10-08-2018,4
1057518,26-02-2018,0
1047761,11-02-2018,3
1545955,09-11-2019,4
1540240,02-11-2019,4
1536706,27-10-2019,4
1404580,25-05-2019,2
1812049,01-10-2020,5
1807325,28-09-2020,6
1774123,24-08-2020,4
1750250,29-07-2020,4
1739920,19-07-2020,3
1739917,19-07-2020,0
1725571,05-07-2020,4
1724231,04-07-2020,3
1711876,20-06-2020,4
1655674,08-04-2020,4
2182789,05-12-2021,2
2114481,12-09-2021,4
2092227,16-08-2021,3
2074353,25-07-2021,6
2060949,13-07-2021,6
2030720,10-06-2021,3
1998537,08-05-2021,4
1981521,18-04-2021,5
1979684,16-04-2021,4
1970245,06-04-2021,3
1959549,22-03-2021,3
2477622,08-12-2022,4
2412198,11-09-2022,4
2400026,28-08-2022,1
2380361,06-08-2022,4
2380869,06-08-2022,6
2374337,31-07-2022,6
2361849,17-07-2022,4
2354825,08-07-2022,4
2334936,19-06-2022,3
2327598,11-06-2022,4
2297823,09-05-2022,4
2571648,13-04-2023,5
2534097,26-02-2023,2
282186,22-12-2014,2
267721,22-12-2014,5
222792,19-11-2014,3
180018,24-08-2014,3
163874,25-07-2014,6
160488,19-07-2014,4
157580,11-07-2014,3
142822,04-06-2014,3
142076,02-06-2014,7
141382,01-06-2014,5
134591,12-05-2014,4
131697,04-05-2014,3
130933,30-04-2014,4
127413,20-04-2014,5
122136,05-04-2014,5
113214,08-03-2014,6
104218,05-02-2014,3
100434,25-01-2014,4
451349,22-11-2015,4
422064,28-09-2015,2
422035,28-09-2015,3
421358,27-09-2015,4
419718,24-09-2015,5
416872,20-09-2015,5
409856,08-09-2015,4
402113,26-08-2015,2
395757,16-08-2015,4
385824,02-08-2015,4
401742,02-08-2015,4
376211,17-07-2015,5
353037,06-06-2015,5
348620,28-05-2015,5
303659,09-03-2015,3
734157,25-12-2016,4
732574,23-12-2016,4
727555,16-12-2016,4
727544,16-12-2016,2
710732,26-11-2016,5
704568,18-11-2016,4
697377,09-11-2016,3
693290,05-11-2016,5
692020,03-11-2016,2
676376,14-10-2016,6
675993,13-10-2016,4
648884,05-09-2016,3
646855,03-09-2016,4
623439,07-08-2016,4
615024,28-07-2016,2
609402,21-07-2016,5
592724,30-06-2016,4
591294,28-06-2016,4
587983,25-06-2016,4
586058,22-06-2016,4
583362,18-06-2016,4
580279,13-06-2016,5
569225,31-05-2016,4
557479,11-05-2016,5
544080,19-04-2016,3
543132,19-04-2016,4
535927,07-04-2016,4
528614,25-03-2016,4
526380,21-03-2016,4
481900,08-01-2016,4
1017422,31-12-2017,4
1002514,06-12-2017,4
953156,06-10-2017,5
933957,15-09-2017,0
928380,06-09-2017,4
925436,02-09-2017,3
918204,22-08-2017,4
916848,20-08-2017,5
909423,08-08-2017,6
903853,01-08-2017,4
900387,27-07-2017,4
896444,23-07-2017,3
891092,15-07-2017,4
877295,27-06-2017,5
869877,18-06-2017,4
869838,17-06-2017,4
864743,11-06-2017,9
838272,07-05-2017,8
814094,07-04-2017,5
809978,02-04-2017,4
807618,30-03-2017,0
791298,10-03-2017,2
789798,07-03-2017,4
775531,15-02-2017,2
772753,11-02-2017,3
760259,25-01-2017,6
748348,11-01-2017,3
1240751,24-10-2018,5
1238603,22-10-2018,6
1221758,01-10-2018,2
1213836,19-09-2018,4
1208397,11-09-2018,4
1191279,19-08-2018,5
1189717,17-08-2018,7
1179935,05-08-2018,4
1179619,05-08-2018,5
1179607,05-08-2018,8
1179677,05-08-2018,4
1179644,05-08-2018,4
1179805,04-08-2018,3
1175571,30-07-2018,4
1173637,27-07-2018,4
1170482,23-07-2018,5
1169103,21-07-2018,5
1153997,01-07-2018,6
1149910,25-06-2018,6
1147720,23-06-2018,4
1146547,21-06-2018,4
1143558,18-06-2018,3
1143524,17-06-2018,4
1137473,10-06-2018,5
1131909,03-06-2018,3
1106451,02-05-2018,4
1031851,21-01-2018,4
1577518,22-12-2019,13
1525476,12-10-2019,0
1511999,24-09-2019,3
1507156,18-09-2019,1
1501350,10-09-2019,4
1495141,02-09-2019,4
1493038,31-08-2019,3
1487573,25-08-2019,3
1475924,11-08-2019,6
1475208,09-08-2019,4
1468190,04-08-2019,7
1468091,04-08-2019,7
1460726,28-07-2019,4
1453327,21-07-2019,4
1452617,20-07-2019,7
1450767,18-07-2019,3
1447456,14-07-2019,4
1446611,13-07-2019,4
1441396,07-07-2019,4
1441296,07-07-2019,4
1439593,05-07-2019,5
1438971,04-07-2019,3
1434931,29-06-2019,5
1427483,21-06-2019,4
1417570,08-06-2019,4
1416374,06-06-2019,3
1411598,01-06-2019,4
1412243,01-06-2019,4
1364540,06-04-2019,6
1359455,31-03-2019,4
1338765,03-03-2019,6
1318391,03-02-2019,5
1305516,19-01-2019,4
1881213,19-12-2020,6
1869748,04-12-2020,4
1858455,22-11-2020,3
1857439,21-11-2020,6
1853615,16-11-2020,4
1854076,16-11-2020,4
1839065,30-10-2020,3
1828080,18-10-2020,4
1820156,10-10-2020,3
1805722,26-09-2020,4
1799748,19-09-2020,4
1799703,19-09-2020,4
1796638,15-09-2020,5
1794086,13-09-2020,3
1792650,12-09-2020,4
1786920,06-09-2020,4
1779718,30-08-2020,4
1773006,23-08-2020,4
1769489,19-08-2020,6
1756248,05-08-2020,4
1752100,01-08-2020,4
1747700,27-07-2020,4
1744332,23-07-2020,4
1741838,21-07-2020,15
1740615,20-07-2020,5
1740013,19-07-2020,3
1738635,18-07-2020,4
1733188,12-07-2020,3
1732229,12-07-2020,4
1727567,06-07-2020,6
1725883,05-07-2020,4
1725145,05-07-2020,5
1725098,04-07-2020,3
1725081,04-07-2020,4
1720761,30-06-2020,4
1718966,27-06-2020,2
1714504,23-06-2020,4
1712408,22-06-2020,5
1712386,22-06-2020,4
1711487,21-06-2020,3
1708432,17-06-2020,4
1706710,15-06-2020,4
1698987,07-06-2020,3
1699667,07-06-2020,6
1695645,02-06-2020,4
1688917,26-05-2020,2
1686685,23-05-2020,3
1671078,03-05-2020,5
1654341,07-04-2020,3
1635411,07-03-2020,7
1629042,25-02-2020,4
1621821,14-02-2020,6
1598447,16-01-2020,5
2168989,17-11-2021,4
2148282,22-10-2021,5
2137179,10-10-2021,4
2134657,07-10-2021,4
2128682,29-09-2021,5
2127374,28-09-2021,3
2126450,27-09-2021,3
2125790,26-09-2021,6
2119609,19-09-2021,5
2113623,11-09-2021,3
2113841,11-09-2021,4
2107476,04-09-2021,5
2102694,28-08-2021,4
2098246,23-08-2021,4
2097075,22-08-2021,4
2096687,21-08-2021,4
2097063,21-08-2021,5
2095116,19-08-2021,4
2091489,15-08-2021,4
2085388,08-08-2021,6
2085401,08-08-2021,4
2085071,07-08-2021,4
2078897,31-07-2021,3
2073472,25-07-2021,5
2070329,21-07-2021,5
2070645,21-07-2021,8
2070310,21-07-2021,3
2068061,19-07-2021,4
2066189,17-07-2021,6
2065118,16-07-2021,4
2062097,14-07-2021,5
2062359,14-07-2021,5
2053048,05-07-2021,4
2052346,03-07-2021,4
2050593,01-07-2021,7
2049419,30-06-2021,4
2046714,27-06-2021,5
2046897,27-06-2021,10
2045579,26-06-2021,3
2045564,25-06-2021,4
2043898,23-06-2021,4
2043715,23-06-2021,4
2036121,15-06-2021,5
2035452,15-06-2021,3
2032203,12-06-2021,9
2030708,10-06-2021,4
2026112,06-06-2021,8
2020535,30-05-2021,4
2015849,26-05-2021,3
2012971,23-05-2021,4
2004666,15-05-2021,3
1996236,05-05-2021,4
1993280,02-05-2021,5
1978652,15-04-2021,4
1970378,05-04-2021,7
1964085,28-03-2021,4
1963052,27-03-2021,4
1961753,26-03-2021,7
1952662,14-03-2021,4
1952281,14-03-2021,13
2482288,16-12-2022,2
2478664,11-12-2022,1
2468325,26-11-2022,2
2453865,06-11-2022,3
2453892,06-11-2022,5
2452501,03-11-2022,4
2449653,31-10-2022,13
2443849,24-10-2022,3
2443194,23-10-2022,2
2421430,22-09-2022,4
2414080,13-09-2022,7
2406651,04-09-2022,2
2396803,24-08-2022,4
2392698,20-08-2022,5
2392494,19-08-2022,4
2391779,19-08-2022,4
2390519,17-08-2022,4
2386871,14-08-2022,4
2368018,23-07-2022,4
2367176,23-07-2022,4
2359843,14-07-2022,4
2355438,10-07-2022,4
2353847,07-07-2022,4
2352444,06-07-2022,4
2348204,04-07-2022,5
2346422,01-07-2022,4
2345410,01-07-2022,3
2338902,23-06-2022,3
2333667,17-06-2022,5
2327645,11-06-2022,4
2324475,07-06-2022,4
2324496,07-06-2022,4
2315892,29-05-2022,4
2315074,29-05-2022,5
2307044,19-05-2022,7
2299660,11-05-2022,4
2298836,10-05-2022,4
2299407,10-05-2022,6
2288928,27-04-2022,4
2285772,23-04-2022,2
2259413,21-03-2022,2
2256398,17-03-2022,4
2252873,13-03-2022,7
2209840,12-01-2022,4
2549452,18-03-2023,4
2529381,19-02-2023,3
2509362,23-01-2023,3
2492601,01-01-2023,3
266570,21-12-2014,2
268910,21-12-2014,4
1577046,20-12-2019,6
266424,21-12-2014,8
433146,19-10-2015,6
266407,20-12-2014,0
124131,09-04-2014,5
382459,27-07-2015,5
278927,13-01-2015,2
676686,15-10-2016,5
1062466,04-03-2018,4
1440765,04-07-2019,4
1886974,26-12-2020,3
1772764,22-08-2020,3
1767747,18-08-2020,4
1679086,13-05-2020,4
1639413,13-03-2020,4
2133962,05-10-2021,3
2367157,23-07-2022,2
2503058,15-01-2023,2
264901,16-12-2014,4
1167806,20-07-2018,4
263556,15-12-2014,0
263376,14-12-2014,4
221577,15-11-2014,3
197384,28-09-2014,15
156125,06-07-2014,2
150299,24-06-2014,7
104721,07-02-2014,5
468787,19-12-2015,4
342589,18-05-2015,4
274867,06-01-2015,3
659289,17-09-2016,6
652175,10-09-2016,3
640203,27-08-2016,4
617789,31-07-2016,1
554027,05-05-2016,3
547827,25-04-2016,5
1015336,26-12-2017,5
952220,03-10-2017,4
852676,26-05-2017,4
829073,26-04-2017,4
752222,16-01-2017,8
739766,01-01-2017,7
1277327,15-12-2018,5
1267682,01-12-2018,5
1262013,23-11-2018,5
1087021,08-04-2018,2
1062123,03-03-2018,4
1370795,14-04-2019,2
1306920,20-01-2019,4
1886849,26-12-2020,3
1854149,16-11-2020,4
1832014,22-10-2020,3
1785358,03-09-2020,3
1746160,25-07-2020,3
2119701,19-09-2021,4
2018931,28-05-2021,6
1990600,28-04-2021,5
1899819,11-01-2021,4
1893754,03-01-2021,6
1893744,03-01-2021,8
2434128,09-10-2022,3
2377529,03-08-2022,5
2373111,29-07-2022,4
2334512,19-06-2022,5
2296224,07-05-2022,4
2281483,17-04-2022,3
2274296,09-04-2022,4
2235366,16-02-2022,3
2214013,18-01-2022,4
263382,13-12-2014,5
127381,20-04-2014,2
310573,21-03-2015,4
508341,20-02-2016,3
500556,06-02-2016,6
965066,21-10-2017,4
809048,01-04-2017,4
1523606,10-10-2019,2
1886913,26-12-2020,2
1850981,12-11-2020,4
1849308,10-11-2020,7
1793559,13-09-2020,4
1750611,30-07-2020,5
2190367,12-12-2021,5
1953202,14-03-2021,4
1894979,04-01-2021,5
2433539,09-10-2022,6
2352780,06-07-2022,4
262202,12-12-2014,4
154971,05-07-2014,4
521821,12-03-2016,4
1399820,19-05-2019,5
1777607,27-08-2020,3
2098321,22-08-2021,5
2087433,10-08-2021,4
2065252,17-07-2021,6
2432772,07-10-2022,4
2281541,17-04-2022,3
2238403,20-02-2022,3
2237697,19-02-2022,6
2546495,15-03-2023,2
259935,07-12-2014,4
334033,03-05-2015,4
777410,18-02-2017,3
1067061,11-03-2018,6
1429047,23-06-2019,10
2374750,31-07-2022,4
2201848,01-01-2022,4
226983,02-12-2014,5
783963,27-02-2017,4
226534,30-11-2014,5
375022,16-07-2015,2
275064,07-01-2015,3
594480,03-07-2016,4
864852,11-06-2017,4
1164110,15-07-2018,5
2126241,25-09-2021,5
2321532,05-06-2022,12
2314991,28-05-2022,6
226388,30-11-2014,4
207687,18-10-2014,4
115012,14-03-2014,4
403069,28-08-2015,3
387194,03-08-2015,5
385779,02-08-2015,9
358117,15-06-2015,4
330611,27-04-2015,4
723649,11-12-2016,4
671717,08-10-2016,4
613805,23-07-2016,4
595166,04-07-2016,7
579786,13-06-2016,5
572513,05-06-2016,4
962155,17-10-2017,4
916808,20-08-2017,4
1156480,05-07-2018,4
1106432,02-05-2018,4
1061748,03-03-2018,3
1525062,12-10-2019,3
1469344,05-08-2019,4
1459718,27-07-2019,11
1440257,05-07-2019,4
1321021,06-02-2019,3
1876039,12-12-2020,4
1859390,22-11-2020,6
1830875,21-10-2020,5
1817184,07-10-2020,3
1787655,07-09-2020,5
1772513,23-08-2020,3
1766574,17-08-2020,4
1735326,15-07-2020,5
1733702,13-07-2020,6
1732993,12-07-2020,3
1718238,27-06-2020,4
1713790,22-06-2020,5
1700371,08-06-2020,4
1652642,05-04-2020,4
1586839,02-01-2020,4
2196839,24-12-2021,4
2147114,21-10-2021,4
2093581,17-08-2021,5
2092469,16-08-2021,8
2090949,14-08-2021,4
2085396,08-08-2021,2
2021130,31-05-2021,4
1952151,13-03-2021,5
2404930,02-09-2022,4
2399576,27-08-2022,4
2362141,17-07-2022,4
2355398,10-07-2022,5
2340297,25-06-2022,4
2276339,12-04-2022,10
2210480,13-01-2022,3
2543748,11-03-2023,3
2522649,10-02-2023,4
226150,29-11-2014,3
98836,21-01-2014,3
414580,15-09-2015,4
337767,10-05-2015,3
308839,18-03-2015,3
564470,23-05-2016,5
917793,21-08-2017,4
918061,21-08-2017,3
880808,01-07-2017,2
830984,27-04-2017,3
748152,11-01-2017,3
1552068,18-11-2019,4
1425193,18-06-2019,4
1313291,26-01-2019,3
1837429,28-10-2020,3
1762951,12-08-2020,4
1753561,02-08-2020,5
2176667,27-11-2021,3
2040013,19-06-2021,4
1999423,09-05-2021,4
2362282,17-07-2022,4
2344954,30-06-2022,9
2573200,15-04-2023,3
2512343,26-01-2023,4
225903,29-11-2014,2
205298,13-10-2014,4
204477,12-10-2014,3
202981,08-10-2014,4
169326,04-08-2014,5
142818,03-06-2014,4
134823,13-05-2014,5
374602,15-07-2015,4
306897,14-03-2015,5
644723,30-08-2016,4
588867,26-06-2016,4
559042,14-05-2016,5
523044,15-03-2016,5
986816,12-11-2017,2
873847,22-06-2017,6
818932,13-04-2017,3
757001,22-01-2017,1
1234087,16-10-2018,4
1155906,04-07-2018,3
1484335,20-08-2019,4
1448578,15-07-2019,4
1434971,28-06-2019,7
1432989,27-06-2019,7
1411963,01-06-2019,5
1360333,31-03-2019,4
1821496,11-10-2020,4
1814148,04-10-2020,5
1744407,24-07-2020,2
1725690,05-07-2020,13
1725670,04-07-2020,5
1720781,30-06-2020,4
1704580,13-06-2020,5
1648205,29-03-2020,4
1588919,05-01-2020,4
2139198,11-10-2021,6
2109075,06-09-2021,5
2005776,16-05-2021,4
1990821,29-04-2021,5
1982260,19-04-2021,5
1926701,10-02-2021,4
2483489,17-12-2022,3
2468745,26-11-2022,4
2468162,25-11-2022,3
2438505,16-10-2022,4
2381321,07-08-2022,4
2368029,24-07-2022,8
2362912,18-07-2022,5
2291618,30-04-2022,4
2285860,23-04-2022,5
2247025,05-03-2022,4
2222383,29-01-2022,3
2564074,03-04-2023,3
225830,28-11-2014,4
212884,29-10-2014,5
201648,04-10-2014,2
178425,20-08-2014,5
174560,14-08-2014,3
162008,21-07-2014,4
150344,21-06-2014,5
134238,11-05-2014,7
128871,25-04-2014,3
428215,10-10-2015,6
404167,30-08-2015,4
272016,01-01-2015,5
696352,09-11-2016,4
691113,01-11-2016,5
621232,04-08-2016,4
537311,09-04-2016,4
481429,07-01-2016,3
1000479,03-12-2017,3
946138,30-09-2017,3
942522,26-09-2017,4
932526,13-09-2017,5
917838,21-08-2017,4
865186,10-06-2017,4
765559,31-01-2017,4
756504,21-01-2017,2
1242807,27-10-2018,5
1217150,24-09-2018,2
1212567,18-09-2018,4
1206828,10-09-2018,5
1192788,21-08-2018,4
1162687,12-07-2018,5
1159528,08-07-2018,4
1109322,06-05-2018,4
1051407,17-02-2018,5
1546038,10-11-2019,4
1468799,04-08-2019,3
1424957,17-06-2019,5
1376873,20-04-2019,6
1865110,29-11-2020,3
1787977,06-09-2020,4
1700250,08-06-2020,4
1690922,28-05-2020,4
1679356,13-05-2020,4
1674299,06-05-2020,2
1665834,25-04-2020,7
1622233,15-02-2020,7
1600221,19-01-2020,4
2181840,03-12-2021,2
2047170,27-06-2021,1
2028745,08-06-2021,4
1974088,10-04-2021,3
1962890,26-03-2021,2
1919399,03-02-2021,3
2491054,30-12-2022,3
2482711,16-12-2022,5
2459156,12-11-2022,4
2448898,30-10-2022,3
2408990,07-09-2022,3
2393758,21-08-2022,3
2388884,16-08-2022,6
2314951,28-05-2022,4
2559838,29-03-2023,5
2541580,07-03-2023,4
2540078,06-03-2023,1
2534810,27-02-2023,3
2534174,26-02-2023,4
2528713,19-02-2023,10
226018,27-11-2014,3
225036,26-11-2014,6
216533,05-11-2014,4
117914,23-03-2014,7
276459,09-01-2015,0
679290,18-10-2016,4
665995,29-09-2016,3
974411,27-10-2017,4
956942,10-10-2017,4
866933,14-06-2017,2
1186061,11-08-2018,4
1096388,20-04-2018,5
1074886,21-03-2018,5
1476271,10-08-2019,4
1353714,23-03-2019,5
1826675,16-10-2020,3
1713075,22-06-2020,5
1928557,13-02-2021,6
2269745,03-04-2022,2
2497164,06-01-2023,3
224362,23-11-2014,4
224131,23-11-2014,4
443652,07-11-2015,3
409601,07-09-2015,4
571859,04-06-2016,1
546818,24-04-2016,4
529488,25-03-2016,4
1258777,19-11-2018,4
1164167,15-07-2018,4
1520499,06-10-2019,4
1343274,10-03-2019,4
1766380,16-08-2020,4
1759873,09-08-2020,9
1751949,01-08-2020,4
1746430,25-07-2020,3
1697541,05-06-2020,4
2198521,27-12-2021,2
2137464,09-10-2021,3
2097494,22-08-2021,5
2450360,01-11-2022,5
2438121,15-10-2022,7
2399670,28-08-2022,3
2349545,04-07-2022,3
2328342,12-06-2022,4
2201677,01-01-2022,2
2498792,09-01-2023,4
223651,22-11-2014,1
375412,15-07-2015,7
370187,07-07-2015,3
350163,31-05-2015,1
337855,10-05-2015,4
604275,16-07-2016,5
596159,04-07-2016,4
995015,24-11-2017,5
916551,19-08-2017,4
803689,26-03-2017,2
802837,25-03-2017,2
780036,21-02-2017,4
778941,20-02-2017,5
769889,08-02-2017,4
1289686,31-12-2018,2
1201135,01-09-2018,7
1192036,20-08-2018,3
1172224,26-07-2018,6
1551162,17-11-2019,4
1512486,21-09-2019,0
1418533,09-06-2019,3
1397521,16-05-2019,4
1768683,17-08-2020,5
1690524,27-05-2020,3
1686015,22-05-2020,3
1635750,07-03-2020,18
1585746,01-01-2020,4
2136132,06-10-2021,4
2135659,06-10-2021,4
2116205,14-09-2021,6
2081480,31-07-2021,5
2054233,04-07-2021,4
2032486,12-06-2021,4
2027736,07-06-2021,6
2027725,06-06-2021,8
1963556,28-03-2021,7
2441540,20-10-2022,5
2406862,05-09-2022,10
2388144,13-08-2022,4
2373607,29-07-2022,3
2311123,23-05-2022,5
2265029,26-03-2022,4
2501869,13-01-2023,1
223799,22-11-2014,1
223729,22-11-2014,3
2058837,10-07-2021,3
2022391,02-06-2021,6
2291578,01-05-2022,4
223582,21-11-2014,6
168307,02-08-2014,5
111095,01-03-2014,4
463734,11-12-2015,4
450505,20-11-2015,3
395837,15-08-2015,3
384662,30-07-2015,4
318125,05-04-2015,3
658226,18-09-2016,4
595048,04-07-2016,4
1001566,04-12-2017,2
1241819,27-10-2018,7
1185622,12-08-2018,4
2196267,24-12-2021,6
2107875,04-09-2021,4
2077587,29-07-2021,2
2447379,28-10-2022,5
2438482,15-10-2022,1
2381371,07-08-2022,3
2280711,17-04-2022,9
2525382,14-02-2023,4
222393,18-11-2014,4
1355275,25-03-2019,5
1840544,31-10-2020,4
2053508,04-07-2021,7
2281244,16-04-2022,4
221554,16-11-2014,4
603738,14-07-2016,3
1526952,13-10-2019,4
1432930,26-06-2019,3
2090971,14-08-2021,5
224746,16-11-2014,6
902187,30-07-2017,3
1530276,19-10-2019,4
1466705,03-08-2019,23
2183120,05-12-2021,3
2438904,16-10-2022,3
2367664,23-07-2022,4
2526362,15-02-2023,4
221347,15-11-2014,0
1283229,23-12-2018,6
1245274,01-11-2018,2
1640317,15-03-2020,2
2231921,11-02-2022,4
217831,08-11-2014,5
201502,04-10-2014,4
217401,07-11-2014,4
307512,15-03-2015,4
517073,06-03-2016,8
834788,29-04-2017,4
1221794,30-09-2018,3
1999307,08-05-2021,2
1946991,05-03-2021,4
211348,26-10-2014,0
210363,24-10-2014,1
209134,18-10-2014,4
193570,19-09-2014,4
175911,17-08-2014,4
92704,03-01-2014,3
207145,18-10-2014,3
205726,14-10-2014,2
204310,12-10-2014,1
106243,12-02-2014,3
373768,13-07-2015,4
308687,17-03-2015,4
285123,26-01-2015,3
577938,11-06-2016,3
563514,22-05-2016,3
1115051,13-05-2018,2
1406070,26-05-2019,3
1387245,04-05-2019,4
1371065,14-04-2019,4
1956001,17-03-2021,5
2280504,15-04-2022,2
2260129,22-03-2022,3
2518292,05-02-2023,3
204236,11-10-2014,5
2125613,25-09-2021,4
2114583,11-09-2021,3
204254,08-10-2014,0
201630,05-10-2014,1
107433,16-02-2014,4
471867,25-12-2015,4
446996,13-11-2015,1
441681,03-11-2015,3
699605,13-11-2016,2
628178,12-08-2016,3
624273,08-08-2016,7
965077,21-10-2017,4
898448,25-07-2017,3
834832,02-05-2017,3
833128,30-04-2017,5
783090,25-02-2017,4
1237930,21-10-2018,5
1206476,09-09-2018,4
1196028,26-08-2018,9
1134378,05-06-2018,1
1086773,06-04-2018,4
1515128,29-09-2019,4
1497180,04-09-2019,4
1305538,19-01-2019,2
1302060,16-01-2019,5
1810881,30-09-2020,4
1671624,03-05-2020,3
1641923,18-03-2020,4
2425839,27-09-2022,4
2250151,08-03-2022,4
198051,29-09-2014,7
2334620,19-06-2022,2
2269259,01-04-2022,4
198527,29-09-2014,4
449814,18-11-2015,5
346202,23-05-2015,2
722452,09-12-2016,4
668352,01-10-2016,4
608787,20-07-2016,4
579517,13-06-2016,4
987134,12-11-2017,5
904026,01-08-2017,7
802425,24-03-2017,4
756015,20-01-2017,4
1551531,17-11-2019,6
1439765,04-07-2019,3
1718292,26-06-2020,4
2188999,13-12-2021,4
2171568,20-11-2021,2
2405239,02-09-2022,3
2315338,28-05-2022,3
2228510,06-02-2022,2
2207435,09-01-2022,4
197416,28-09-2014,4
167649,01-08-2014,3
165856,28-07-2014,4
472268,26-12-2015,4
448286,15-11-2015,4
417284,20-09-2015,3
361948,22-06-2015,7
361198,20-06-2015,10
693307,04-11-2016,4
657854,18-09-2016,4
657023,16-09-2016,5
627757,11-08-2016,4
541996,17-04-2016,1
1011953,21-12-2017,3
984455,09-11-2017,4
942628,26-09-2017,3
1974755,24-09-2017,4
932619,13-09-2017,4
912805,13-08-2017,5
891291,15-07-2017,3
848292,20-05-2017,10
821055,15-04-2017,4
810756,03-04-2017,1
786876,03-03-2017,4
777876,18-02-2017,4
1276091,13-12-2018,4
1258804,19-11-2018,0
1223755,03-10-2018,4
1220331,28-09-2018,2
1194315,23-08-2018,4
1182717,08-08-2018,4
1165299,16-07-2018,4
1142145,14-06-2018,4
1137402,09-06-2018,4
1096232,21-04-2018,2
1034205,23-01-2018,4
1537992,30-10-2019,0
1525999,13-10-2019,6
1525408,12-10-2019,3
1524264,10-10-2019,5
1492264,31-08-2019,2
1479894,15-08-2019,5
1478869,14-08-2019,6
1460630,28-07-2019,5
1447057,13-07-2019,7
1429022,22-06-2019,4
1423697,16-06-2019,5
1391971,10-05-2019,5
1377519,21-04-2019,4
1824073,14-10-2020,4
1818055,08-10-2020,6
1809910,29-09-2020,5
1807046,26-09-2020,4
1806500,25-09-2020,4
1797620,16-09-2020,3
1793771,12-09-2020,4
1785108,03-09-2020,6
1783582,02-09-2020,2
1825993,31-08-2020,5
1784122,30-08-2020,4
1777400,26-08-2020,4
1769444,19-08-2020,4
1768125,18-08-2020,4
1765499,15-08-2020,5
1758838,08-08-2020,6
1753320,02-08-2020,4
1752019,31-07-2020,3
1719693,28-06-2020,2
1717543,25-06-2020,4
1703509,12-06-2020,6
1701426,09-06-2020,6
1693580,31-05-2020,4
1691440,28-05-2020,3
1689419,27-05-2020,4
1689252,26-05-2020,4
1850080,15-05-2020,4
1670970,02-05-2020,4
1659862,16-04-2020,4
1648832,30-03-2020,5
2200968,30-12-2021,7
2197328,26-12-2021,4
2188843,13-12-2021,4
2183667,06-12-2021,4
2177268,28-11-2021,4
2166673,14-11-2021,6
2162269,08-11-2021,4
2123301,23-09-2021,4
2120940,20-09-2021,5
2095087,19-08-2021,4
2088659,11-08-2021,4
2082957,04-08-2021,4
2065009,16-07-2021,4
2059404,10-07-2021,6
2051190,02-07-2021,4
2004413,14-05-2021,4
2002269,12-05-2021,3
1999417,09-05-2021,3
1993664,02-05-2021,3
1962507,26-03-2021,7
1957252,20-03-2021,5
1950471,11-03-2021,2
1931288,17-02-2021,8
1903058,15-01-2021,4
2466431,23-11-2022,4
2458727,13-11-2022,4
2453744,05-11-2022,9
2448287,30-10-2022,6
2437284,14-10-2022,4
2427999,01-10-2022,4
2425199,27-09-2022,4
2406852,05-09-2022,4
2396124,23-08-2022,2
2391042,17-08-2022,4
2389775,16-08-2022,5
2385789,12-08-2022,3
2361490,16-07-2022,4
2359229,14-07-2022,4
2358938,13-07-2022,4
2344201,29-06-2022,4
2338874,24-06-2022,2
2321266,04-06-2022,11
2315903,30-05-2022,2
2312678,25-05-2022,4
2306277,18-05-2022,5
2298519,10-05-2022,4
2281171,17-04-2022,4
2272394,06-04-2022,4
2236155,17-02-2022,4
2201629,01-01-2022,4
2583589,28-04-2023,1
2566162,06-04-2023,4
2564607,04-04-2023,4
2554779,26-03-2023,2
2532658,23-02-2023,7
2513527,28-01-2023,4
2499381,09-01-2023,1
198064,26-09-2014,4
1223865,03-10-2018,6
1856338,18-11-2020,4
2148921,23-10-2021,6
194945,21-09-2014,4
193960,20-09-2014,2
192851,18-09-2014,0
190874,14-09-2014,1
2172621,14-09-2014,1
588918,26-06-2016,4
1713493,21-06-2020,3
2518860,06-02-2023,4
190599,14-09-2014,6
1816799,07-10-2020,4
1656373,08-04-2020,4
2039457,19-06-2021,4
188332,06-09-2014,4
399883,22-08-2015,4
386937,01-08-2015,4
300660,01-03-2015,4
699316,13-11-2016,4
657136,17-09-2016,6
577157,12-06-2016,53
541987,16-04-2016,4
508510,20-02-2016,4
501233,07-02-2016,10
859875,05-06-2017,0
1220912,29-09-2018,4
1159820,09-07-2018,4
1138324,11-06-2018,0
1032393,21-01-2018,4
1825525,16-10-2020,1
1666327,25-04-2020,4
2187077,10-12-2021,5
2156175,01-11-2021,4
2112450,10-09-2021,4
1951681,13-03-2021,3
2452673,04-11-2022,2
2448015,29-10-2022,6
2377338,02-08-2022,0
2374430,31-07-2022,7
2568150,09-04-2023,2
2531512,22-02-2023,2
186488,06-09-2014,5
1143081,17-06-2018,3
1412430,01-06-2019,4
1862947,27-11-2020,5
1649473,31-03-2020,1
2072761,24-07-2021,3
2475546,06-12-2022,1
2370760,27-07-2022,2
2321500,04-06-2022,2
185393,04-09-2014,5
345749,24-05-2015,7
835961,04-05-2017,3
745236,07-01-2017,3
1099516,24-04-2018,4
1441565,07-07-2019,6
1746441,26-07-2020,3
1746582,25-07-2020,6
1687097,23-05-2020,3
2095800,20-08-2021,3
2086236,09-08-2021,4
1914942,28-01-2021,4
185196,02-09-2014,3
95146,11-01-2014,4
688429,28-10-2016,6
771826,09-02-2017,0
1381771,27-04-2019,3
1877122,10-12-2020,5
1760207,09-08-2020,4
1724219,04-07-2020,3
1687381,23-05-2020,4
1659966,15-04-2020,3
2143605,17-10-2021,3
2358053,11-07-2022,4
2291470,30-04-2022,5
2205024,04-01-2022,3
184507,02-09-2014,5
2161078,06-11-2021,4
2308017,20-05-2022,8
183432,31-08-2014,5
182974,29-08-2014,1
180007,24-08-2014,5
180580,24-08-2014,3
1348844,17-03-2019,4
2118451,17-09-2021,4
2003383,13-05-2021,2
2223019,30-01-2022,3
178006,18-08-2014,4
177770,17-08-2014,3
175943,17-08-2014,4
283115,23-01-2015,6
275986,08-01-2015,3
634889,21-08-2016,4
574753,08-06-2016,3
1004454,09-12-2017,4
1136928,09-06-2018,4
1440510,05-07-2019,6
1384553,01-05-2019,3
1831995,22-10-2020,4
1721669,30-06-2020,3
1690369,27-05-2020,4
2086148,09-08-2021,5
2065533,15-07-2021,4
2058950,10-07-2021,4
2358329,12-07-2022,4
2348163,04-07-2022,4
175839,17-08-2014,4
161063,20-07-2014,3
107403,15-02-2014,5
409101,05-09-2015,3
592207,29-06-2016,0
567788,29-05-2016,4
546581,23-04-2016,3
1015666,27-12-2017,2
946496,01-10-2017,441
1282704,22-12-2018,4
1233563,14-10-2018,1
1231385,12-10-2018,4
1179810,04-08-2018,6
1348793,17-03-2019,4
1780228,29-08-2020,2
2153285,28-10-2021,4
2102991,29-08-2021,3
2089972,13-08-2021,6
1910619,24-01-2021,5
2417863,18-09-2022,5
2246387,03-03-2022,6
2242153,26-02-2022,14
175788,16-08-2014,6
2026713,06-06-2021,4
175779,16-08-2014,3
1800188,19-09-2020,4
174544,13-08-2014,4
311922,23-03-2015,4
281663,20-01-2015,3
604175,16-07-2016,6
1813306,03-10-2020,5
173369,12-08-2014,3
155755,06-07-2014,4
353536,06-06-2015,4
334681,04-05-2015,3
980004,03-11-2017,4
901083,29-07-2017,4
1154558,02-07-2018,2
1141745,14-06-2018,4
1132050,02-06-2018,5
1582197,29-12-2019,3
1418548,09-06-2019,4
1800026,19-09-2020,4
1779981,30-08-2020,4
1711747,21-06-2020,4
2198071,26-12-2021,4
2055252,05-07-2021,3
2043465,23-06-2021,4
2454281,05-11-2022,4
2301751,14-05-2022,3
2269429,03-04-2022,4
2525634,14-02-2023,5
173628,12-08-2014,3
172205,10-08-2014,6
173786,08-08-2014,4
159291,13-07-2014,4
149954,21-06-2014,4
136163,17-05-2014,5
156828,14-04-2014,4
436240,25-10-2015,5
376823,17-07-2015,3
368867,04-07-2015,3
657634,17-09-2016,7
601512,11-07-2016,4
574850,08-06-2016,4
499422,03-02-2016,4
481849,08-01-2016,4
906126,03-08-2017,3
876010,25-06-2017,4
870222,18-06-2017,4
853119,27-05-2017,7
765153,31-01-2017,4
1215739,21-09-2018,4
1165183,16-07-2018,4
1154998,03-07-2018,4
1103465,30-04-2018,4
1035803,25-01-2018,4
1029095,17-01-2018,3
1507939,19-09-2019,5
1459941,28-07-2019,4
1453884,21-07-2019,4
1441967,08-07-2019,2
1406330,27-05-2019,5
1405445,26-05-2019,3
1319333,04-02-2019,5
1815308,05-10-2020,3
1758966,09-08-2020,21
1755297,04-08-2020,4
1739658,19-07-2020,8
1704727,13-06-2020,5
1702172,11-06-2020,7
1692912,30-05-2020,4
1635118,06-03-2020,6
2136270,08-10-2021,3
2130370,01-10-2021,5
2121381,21-09-2021,5
2107930,04-09-2021,3
2085438,08-08-2021,4
2077018,28-07-2021,4
2064992,16-07-2021,5
2041555,21-06-2021,4
2005238,15-05-2021,3
2003167,13-05-2021,3
1978561,15-04-2021,4
1969899,06-04-2021,4
1965890,31-03-2021,3
1944507,04-03-2021,5
1911026,25-01-2021,4
1896774,07-01-2021,5
2488952,27-12-2022,4
2431594,06-10-2022,3
2396536,24-08-2022,3
2375886,01-08-2022,5
2361532,16-07-2022,3
2334920,19-06-2022,3
2284819,22-04-2022,4
2274855,09-04-2022,4
2220985,27-01-2022,4
2578168,21-04-2023,8
2569434,11-04-2023,3
2562882,02-04-2023,4
2494254,03-01-2023,3
172288,10-08-2014,6
172180,10-08-2014,7
1374920,13-04-2019,4
2562631,02-04-2023,4
171802,09-08-2014,8
452120,23-11-2015,5
412529,12-09-2015,6
412539,12-09-2015,3
668407,03-10-2016,4
629415,14-08-2016,5
575061,05-06-2016,4
553570,04-05-2016,7
991017,18-11-2017,4
979651,03-11-2017,4
1245703,01-11-2018,5
1206050,07-09-2018,3
1106557,02-05-2018,5
1802862,23-09-2020,5
1778435,28-08-2020,4
1712876,22-06-2020,4
1712898,22-06-2020,4
1711410,21-06-2020,11
1704879,14-06-2020,6
2142092,14-10-2021,4
2132656,04-10-2021,4
2128023,28-09-2021,3
2100578,26-08-2021,7
2039441,18-06-2021,5
2011569,22-05-2021,7
2416762,17-09-2022,5
2411901,09-09-2022,3
2410704,08-09-2022,4
2405020,02-09-2022,4
2358856,13-07-2022,4
2350033,04-07-2022,7
2340347,25-06-2022,4
2247617,06-03-2022,3
2555309,26-03-2023,6
2499119,09-01-2023,4
2498013,08-01-2023,4
171823,08-08-2014,3
311348,22-03-2015,6
719128,05-12-2016,1
625735,08-08-2016,2
537085,09-04-2016,4
1503207,12-09-2019,4
1503192,12-09-2019,2
1441317,07-07-2019,4
1680027,14-05-2020,5
1639542,14-03-2020,3
1635570,07-03-2020,4
2373646,29-07-2022,4
171778,08-08-2014,4
151659,26-06-2014,5
341465,16-05-2015,5
332732,01-05-2015,3
628570,13-08-2016,2
537825,10-04-2016,3
893726,18-07-2017,4
1210742,15-09-2018,4
1179589,04-08-2018,4
1515242,29-09-2019,4
1433857,26-06-2019,4
1810358,30-09-2020,7
1749535,28-07-2020,4
1725379,05-07-2020,4
1711605,21-06-2020,5
1666945,27-04-2020,0
1629488,26-02-2020,0
2135508,07-10-2021,1
2135498,07-10-2021,5
2115522,13-09-2021,5
2103311,29-08-2021,4
1998602,08-05-2021,4
1970937,07-04-2021,3
2443276,23-10-2022,4
2442695,22-10-2022,6
2416625,16-09-2022,5
2414276,14-09-2022,4
2397033,24-08-2022,2
2380017,05-08-2022,4
2301494,13-05-2022,16
2258324,20-03-2022,4
2224788,01-02-2022,5
2218159,23-01-2022,0
2555326,27-03-2023,5
2550749,20-03-2023,5
170704,06-08-2014,1
444406,06-11-2015,4
604233,16-07-2016,14
939834,23-09-2017,4
1215987,23-09-2018,4
1209006,12-09-2018,0
1682322,18-05-2020,5
1656873,11-04-2020,6
2222766,29-01-2022,4
168844,03-08-2014,0
168551,03-08-2014,7
663789,26-09-2016,4
655512,14-09-2016,3
2490925,30-12-2022,3
169024,03-08-2014,5
1233663,15-10-2018,0
167872,02-08-2014,1
142123,21-05-2014,3
107519,16-02-2014,7
375773,16-07-2015,5
273397,04-01-2015,1
627519,12-08-2016,3
604459,16-07-2016,5
597756,07-07-2016,9
985582,11-11-2017,3
833152,01-05-2017,3
739451,01-01-2017,3
1172403,26-07-2018,6
1132408,03-06-2018,5
1436254,30-06-2019,2
1386481,03-05-2019,3
1779023,28-08-2020,4
1746674,25-07-2020,4
1695998,02-06-2020,3
2137291,09-10-2021,4
2119745,19-09-2021,4
2053346,04-07-2021,3
2053365,04-07-2021,5
2040374,20-06-2021,8
2032282,11-06-2021,5
1957226,20-03-2021,7
2490150,28-12-2022,6
2483108,16-12-2022,5
2464272,20-11-2022,4
2269100,03-04-2022,16
2258182,19-03-2022,9
2549324,18-03-2023,4
2544817,12-03-2023,0
2514220,30-01-2023,4
2496714,06-01-2023,2
168169,02-08-2014,7
176329,30-07-2014,4
276845,11-01-2015,5
166970,26-07-2014,3
1197278,27-08-2018,3
1100691,25-04-2018,4
1338790,02-03-2019,4
1772623,23-08-2020,7
2143479,17-10-2021,9
2143499,17-10-2021,3
2541937,07-03-2023,2
164513,26-07-2014,0
163930,26-07-2014,8
162687,23-07-2014,4
161302,21-07-2014,6
2255832,16-03-2022,3
2256080,16-03-2022,3
160998,20-07-2014,3
2169719,17-11-2021,3
2111858,09-09-2021,7
2450557,31-10-2022,3
158589,13-07-2014,5
1800514,20-09-2020,3
158306,13-07-2014,5
157857,12-07-2014,2
744799,06-01-2017,2
156670,09-07-2014,1
156468,08-07-2014,5
2080536,01-08-2021,5
2003334,13-05-2021,8
162305,07-07-2014,4
155943,07-07-2014,4
153532,31-05-2014,3
456893,02-12-2015,19
300860,04-03-2015,4
605005,16-07-2016,4
1202332,02-09-2018,8
1146968,21-06-2018,3
1877043,12-12-2020,3
1808628,27-09-2020,3
2286089,23-04-2022,4
154803,05-07-2014,6
132405,03-05-2014,6
390526,08-08-2015,0
355883,11-06-2015,3
333584,03-05-2015,6
297681,25-02-2015,1
738749,31-12-2016,3
699863,11-11-2016,4
698383,10-11-2016,3
663106,26-09-2016,6
605475,17-07-2016,3
595069,04-07-2016,2
589165,26-06-2016,3
567614,29-05-2016,6
509707,21-02-2016,5
504879,14-02-2016,3
960036,15-10-2017,2
955268,09-10-2017,5
865371,11-06-2017,4
813821,07-04-2017,0
803822,26-03-2017,4
752756,16-01-2017,4
1263086,25-11-2018,3
1226853,06-10-2018,3
1162437,11-07-2018,4
1083552,02-04-2018,3
1581103,27-12-2019,7
1541774,04-11-2019,4
1486232,23-08-2019,2
1481989,17-08-2019,6
1445066,11-07-2019,4
1332429,21-02-2019,2
1314289,28-01-2019,5
1305294,19-01-2019,2
1855276,18-11-2020,2
1830092,20-10-2020,1
1786488,05-09-2020,4
1760261,09-08-2020,4
1726446,05-07-2020,4
1703055,11-06-2020,4
1693064,30-05-2020,4
1686222,23-05-2020,4
1683810,20-05-2020,3
1673989,06-05-2020,1
1664933,24-04-2020,1
1627713,23-02-2020,7
1616964,08-02-2020,3
2155282,31-10-2021,3
2143765,17-10-2021,7
2108414,05-09-2021,0
2085489,08-08-2021,5
2071343,22-07-2021,5
2067290,18-07-2021,2
2049845,30-06-2021,1
2046781,26-06-2021,3
2028928,08-06-2021,5
1981805,19-04-2021,4
1957188,20-03-2021,5
1949977,10-03-2021,1
1941210,28-02-2021,4
1940069,26-02-2021,5
1924892,09-02-2021,4
1897878,09-01-2021,3
1893327,03-01-2021,4
2467661,24-11-2022,2
2451028,02-11-2022,4
2399755,28-08-2022,2
2361614,16-07-2022,0
2339761,25-06-2022,2
2316364,29-05-2022,4
2302740,15-05-2022,3
2258224,20-03-2022,3
2235778,17-02-2022,5
2206813,08-01-2022,3
2567299,08-04-2023,4
2504645,17-01-2023,4
2502680,15-01-2023,4
154834,05-07-2014,7
154844,04-07-2014,5
92194,01-01-2014,2
630007,14-08-2016,4
589470,25-06-2016,4
901549,30-07-2017,5
778182,19-02-2017,3
1776189,25-08-2020,5
1643157,20-03-2020,4
2158417,03-11-2021,2
2084884,07-08-2021,4
2050836,02-07-2021,4
2013096,23-05-2021,4
1964271,26-03-2021,4
2406108,04-09-2022,5
2391353,18-08-2022,2
2379316,05-08-2022,4
2257316,19-03-2022,2
154721,05-07-2014,7
108691,20-02-2014,0
444458,09-11-2015,2
416812,19-09-2015,3
367780,02-07-2015,3
318297,05-04-2015,5
312119,24-03-2015,0
657151,17-09-2016,2
567494,29-05-2016,4
561912,18-05-2016,4
820565,15-04-2017,4
1037515,28-01-2018,3
1509510,21-09-2019,6
1390764,08-05-2019,4
1386929,04-05-2019,4
1365077,07-04-2019,2
1312463,26-01-2019,5
1891461,31-12-2020,3
1813872,04-10-2020,4
1787222,07-09-2020,4
1668470,29-04-2020,4
1615155,05-02-2020,0
2091531,14-08-2021,3
2090777,14-08-2021,4
2079271,31-07-2021,5
2060865,13-07-2021,4
2025260,05-06-2021,2
1978635,15-04-2021,7
1953309,15-03-2021,4
1952161,13-03-2021,1
1928594,13-02-2021,4
1910136,24-01-2021,1
2374401,31-07-2022,4
2358861,13-07-2022,3
2328215,12-06-2022,5
2299126,11-05-2022,5
2274783,10-04-2022,5
2528691,19-02-2023,4
158055,05-07-2014,5
156834,02-07-2014,5
348673,28-05-2015,3
965251,21-10-2017,4
831201,28-04-2017,4
1778542,28-08-2020,3
1637520,10-03-2020,2
153275,30-06-2014,3
361708,21-06-2015,4
1780301,30-08-2020,7
1765658,16-08-2020,3
2079533,31-07-2021,5
2411871,10-09-2022,4
2398877,27-08-2022,7
2296191,07-05-2022,3
152960,28-06-2014,7
153578,28-06-2014,4
152722,27-06-2014,3
378102,18-07-2015,4
349289,30-05-2015,4
700232,13-11-2016,2
832679,30-04-2017,6
1110399,07-05-2018,5
1550546,16-11-2019,0
1318187,01-02-2019,4
2103035,28-08-2021,4
1984807,22-04-2021,4
1939958,26-02-2021,3
2512985,27-01-2023,3
151475,25-06-2014,5
1522979,09-10-2019,5
154136,22-06-2014,3
157013,20-06-2014,4
146565,15-06-2014,4
146586,15-06-2014,4
156245,09-06-2014,6
325618,18-04-2015,3
853796,28-05-2017,5
1202274,02-09-2018,2
1182893,08-08-2018,4
1434882,28-06-2019,4
1344488,11-03-2019,4
1800192,19-09-2020,5
1728683,07-07-2020,3
1722839,02-07-2020,4
1692513,30-05-2020,4
2113769,11-09-2021,4
2038152,17-06-2021,4
2013059,23-05-2021,5
1999434,06-05-2021,5
2458467,12-11-2022,4
2340685,26-06-2022,5
2300830,11-05-2022,4
2572582,15-04-2023,6
2525591,13-02-2023,4
144524,08-06-2014,0
432466,17-10-2015,4
418964,23-09-2015,4
611479,25-07-2016,19
522122,13-03-2016,4
144565,08-06-2014,4
143979,07-06-2014,3
143723,07-06-2014,5
1492377,31-08-2019,4
139281,25-05-2014,3
688979,30-10-2016,4
975817,28-10-2017,4
1540863,03-11-2019,4
1493374,01-09-2019,4
1863099,27-11-2020,6
1844573,05-11-2020,2
1759779,09-08-2020,6
1701382,10-06-2020,3
2066335,18-07-2021,3
2053262,05-07-2021,11
2022821,02-06-2021,4
2447980,28-10-2022,2
2570622,12-04-2023,5
138645,24-05-2014,1
693401,05-11-2016,5
869968,18-06-2017,7
1821574,12-10-2020,3
1687037,24-05-2020,4
2286363,24-04-2022,3
138282,23-05-2014,7
138370,23-05-2014,2
135904,18-05-2014,7
1148596,24-06-2018,5
1806806,27-09-2020,3
136567,17-05-2014,3
308201,14-03-2015,4
134044,10-05-2014,3
586122,22-06-2016,3
2006204,16-05-2021,5
134052,10-05-2014,3
429410,12-10-2015,4
620247,03-08-2016,3
2327247,10-06-2022,3
132897,04-05-2014,4
131998,03-05-2014,4
843078,14-05-2017,6
1291779,02-01-2019,3
130232,29-04-2014,6
1581476,27-12-2019,4
129730,27-04-2014,5
1666461,26-04-2020,4
127045,20-04-2014,6
124146,11-04-2014,4
123891,09-04-2014,1
123666,06-04-2014,4
1661218,17-04-2020,4
125863,06-04-2014,4
357590,13-06-2015,4
310356,20-03-2015,4
809499,01-04-2017,3
1166302,18-07-2018,4
1051291,16-02-2018,3
1534704,24-10-2019,2
1405221,25-05-2019,5
1840364,01-11-2020,3
1765920,16-08-2020,4
2154441,30-10-2021,4
2483594,18-12-2022,4
2413596,12-09-2022,4
2584779,30-04-2023,3
122612,05-04-2014,3
436234,25-10-2015,4
324424,16-04-2015,0
595482,04-07-2016,6
572766,05-06-2016,4
959126,15-10-2017,3
954428,07-10-2017,4
1174960,29-07-2018,4
1369148,11-04-2019,2
1354049,24-03-2019,7
1350494,19-03-2019,4
1299680,13-01-2019,5
1857947,21-11-2020,4
1717173,26-06-2020,4
1999193,09-05-2021,7
1954950,16-03-2021,1
1904063,17-01-2021,5
1904036,17-01-2021,6
2491656,31-12-2022,9
2478061,09-12-2022,3
2443231,22-10-2022,7
2400492,28-08-2022,5
2386954,14-08-2022,4
2320618,04-06-2022,8
2315605,29-05-2022,5
2289382,27-04-2022,4
2231371,11-02-2022,9
2573179,15-04-2023,4
2503197,15-01-2023,4
122672,05-04-2014,4
121031,02-04-2014,16
120621,30-03-2014,5
120303,30-03-2014,5
428247,10-10-2015,4
412557,11-09-2015,5
408449,05-09-2015,3
325207,18-04-2015,4
728286,17-12-2016,4
589159,26-06-2016,5
576774,11-06-2016,3
1143135,17-06-2018,4
1492778,31-08-2019,3
1420933,12-06-2019,3
1383752,30-04-2019,4
1712342,22-06-2020,5
1687108,23-05-2020,6
2186696,10-12-2021,5
2341725,27-06-2022,5
117818,23-03-2014,3
172722,23-03-2014,3
392131,10-08-2015,4
293883,15-02-2015,5
543244,18-04-2016,3
956990,10-10-2017,1
1555135,21-11-2019,5
1537672,29-10-2019,9
1398593,18-05-2019,4
117642,21-03-2014,4
452362,22-11-2015,3
610756,23-07-2016,4
1359599,31-03-2019,7
2012765,22-05-2021,14
2361097,16-07-2022,4
2309711,23-05-2022,5
2292613,01-05-2022,3
2242345,26-02-2022,3
117591,16-03-2014,1
1515327,29-09-2019,0
1969633,04-04-2021,4
2434062,09-10-2022,5
2294477,03-05-2022,5
125855,16-03-2014,4
113156,09-03-2014,1
113247,09-03-2014,6
617607,31-07-2016,4
555126,08-05-2016,3
980269,04-11-2017,4
975600,29-10-2017,3
1417716,07-06-2019,5
1711626,21-06-2020,5
2107621,03-09-2021,3
2032220,12-06-2021,14
1951383,12-03-2021,4
2258156,20-03-2022,4
2513496,28-01-2023,3
113255,08-03-2014,3
988824,14-11-2017,2
1554446,20-11-2019,4
1428229,21-06-2019,5
2041297,20-06-2021,5
112415,05-03-2014,1
543102,17-04-2016,3
109957,25-02-2014,1
109142,22-02-2014,4
712776,28-11-2016,4
1507092,18-09-2019,2
108649,20-02-2014,1
107417,16-02-2014,6
723643,11-12-2016,4
108659,16-02-2014,4
437836,27-10-2015,5
395844,16-08-2015,6
587755,25-06-2016,5
864370,09-06-2017,5
843590,14-05-2017,4
1232554,14-10-2018,4
1847840,09-11-2020,4
1834216,25-10-2020,3
1676579,10-05-2020,5
2156001,31-10-2021,3
2052353,04-07-2021,8
1973844,09-04-2021,5
2459005,12-11-2022,4
2432893,07-10-2022,0
2368308,24-07-2022,3
2256453,18-03-2022,3
107673,16-02-2014,5
368732,05-07-2015,9
654087,13-09-2016,2
652642,11-09-2016,1
569189,31-05-2016,4
815246,09-04-2017,3
1261351,22-11-2018,2
1665735,24-04-2020,4
2011610,22-05-2021,4
2570985,12-04-2023,3
106394,12-02-2014,5
409732,07-09-2015,4
986236,12-11-2017,7
939482,20-09-2017,5
783623,26-02-2017,4
1149463,24-06-2018,3
1510411,23-09-2019,2
2349853,05-07-2022,7
2328265,12-06-2022,4
106481,12-02-2014,3
693374,05-11-2016,8
682298,22-10-2016,7
632753,17-08-2016,4
603733,14-07-2016,4
580791,14-06-2016,3
550619,29-04-2016,5
521074,12-03-2016,4
907857,06-08-2017,7
880813,01-07-2017,4
1263332,25-11-2018,4
1226384,06-10-2018,6
1173069,26-07-2018,2
1151355,27-06-2018,3
1579889,25-12-2019,4
1504012,14-09-2019,4
1435804,30-06-2019,4
1338860,03-03-2019,4
1337498,28-02-2019,3
1783928,02-09-2020,4
1757380,06-08-2020,3
1722142,01-07-2020,4
2160838,05-11-2021,3
2125953,26-09-2021,4
2119736,19-09-2021,3
2039964,19-06-2021,7
2027375,06-06-2021,5
2007722,18-05-2021,5
1998693,08-05-2021,4
1928149,13-02-2021,6
2428678,01-10-2022,2
2426042,28-09-2022,5
2415479,13-09-2022,4
2333154,16-06-2022,4
2510063,23-01-2023,4
103698,03-02-2014,2
140117,30-01-2014,0
101301,27-01-2014,4
377181,19-07-2015,4
725338,11-12-2016,4
1494669,01-09-2019,4
2285612,23-04-2022,4
113665,27-01-2014,4
451338,22-11-2015,4
696917,09-11-2016,5
493536,26-01-2016,3
1812838,02-10-2020,4
1603241,22-01-2020,7
2073597,25-07-2021,3
1975004,11-04-2021,4
2428715,02-10-2022,4
100568,25-01-2014,4
1547021,11-11-2019,4
104902,20-01-2014,4
1896252,06-01-2021,3
2348191,03-07-2022,4
97407,16-01-2014,4
97365,16-01-2014,0
95579,12-01-2014,5
1206409,09-09-2018,3
2274803,10-04-2022,4
95500,12-01-2014,6
1556002,23-11-2019,6
95550,12-01-2014,5
1145881,19-06-2018,4
1018295,01-01-2018,3
2497948,07-01-2023,9
94514,05-01-2014,3
382413,24-07-2015,5
1943986,03-03-2021,3
473882,27-12-2015,4
1191368,20-08-2018,4
1854207,17-11-2020,4
1715616,24-06-2020,4
2291185,29-04-2022,2
2564328,03-04-2023,4
471860,25-12-2015,4
677293,15-10-2016,5
1083011,01-04-2018,4
1492087,30-08-2019,9
1348291,15-03-2019,4
2200720,27-12-2021,3
2157991,02-11-2021,4
2142296,15-10-2021,5
2492253,31-12-2022,8
2468642,26-11-2022,4
469468,21-12-2015,4
468968,20-12-2015,4
646995,03-09-2016,3
1967914,03-04-2021,4
2228660,06-02-2022,4
469614,20-12-2015,4
464945,13-12-2015,4
465117,12-12-2015,3
2193049,19-12-2021,3
464002,12-12-2015,4
457037,02-12-2015,3
386066,02-08-2015,5
273965,02-01-2015,4
883052,05-07-2017,4
1177024,30-07-2018,4
1420432,11-06-2019,2
2031976,11-06-2021,6
2213456,16-01-2022,3
463642,11-12-2015,3
451057,21-11-2015,3
426256,06-10-2015,5
424224,02-10-2015,4
386140,02-08-2015,7
375322,15-07-2015,3
370474,07-07-2015,1
344302,20-05-2015,3
341232,16-05-2015,5
316795,02-04-2015,5
299190,28-02-2015,3
723292,11-12-2016,5
715101,30-11-2016,4
662342,24-09-2016,8
615328,28-07-2016,4
600798,11-07-2016,5
568528,30-05-2016,5
545501,21-04-2016,4
942830,26-09-2017,2
941144,24-09-2017,4
917713,21-08-2017,3
904329,02-08-2017,4
866412,13-06-2017,4
866448,13-06-2017,2
1279617,18-12-2018,5
1194598,23-08-2018,4
1168828,21-07-2018,4
1153531,30-06-2018,6
1115110,14-05-2018,4
1577577,22-12-2019,7
1537044,29-10-2019,3
1536787,28-10-2019,3
1525628,12-10-2019,3
1523204,09-10-2019,3
1493429,31-08-2019,4
1491495,30-08-2019,3
1490466,29-08-2019,3
1453350,20-07-2019,3
1437094,01-07-2019,4
1428595,22-06-2019,4
1405317,25-05-2019,4
1386085,03-05-2019,5
1385642,03-05-2019,4
1381979,28-04-2019,7
1368597,11-04-2019,3
1357591,28-03-2019,4
1331974,21-02-2019,4
1831091,22-10-2020,4
1825896,15-10-2020,7
1788401,08-09-2020,5
1787387,06-09-2020,4
1786449,05-09-2020,3
1724273,03-07-2020,4
1704176,13-06-2020,5
1674802,07-05-2020,4
1647661,28-03-2020,3
1641216,17-03-2020,7
2191752,17-12-2021,3
2192046,17-12-2021,4
2176922,28-11-2021,7
2148401,22-10-2021,7
2136230,08-10-2021,4
2134217,06-10-2021,5
2116343,14-09-2021,4
2036635,16-06-2021,5
2001137,11-05-2021,4
1993221,02-05-2021,3
1976538,13-04-2021,4
1969065,05-04-2021,5
2450917,01-11-2022,4
2425799,28-09-2022,4
2396567,24-08-2022,6
2386878,14-08-2022,3
2373050,29-07-2022,2
2334096,17-06-2022,4
2324435,07-06-2022,2
2298872,10-05-2022,5
2298591,10-05-2022,3
2280495,16-04-2022,3
2252719,12-03-2022,1
2245620,02-03-2022,3
2215955,19-01-2022,1
2574455,17-04-2023,4
2562492,01-04-2023,1
2552552,23-03-2023,5
2527234,15-02-2023,4
2494934,04-01-2023,4
461476,08-12-2015,3
421650,28-09-2015,5
399367,21-08-2015,5
376203,17-07-2015,4
335903,07-05-2015,4
610093,23-07-2016,2
896149,22-07-2017,5
886220,08-07-2017,8
803054,26-03-2017,15
785262,28-02-2017,6
1204538,06-09-2018,2
1124777,25-05-2018,4
1852161,14-11-2020,4
1765624,16-08-2020,3
1765636,16-08-2020,9
1766423,16-08-2020,3
2109384,05-09-2021,4
2040732,20-06-2021,3
2038622,17-06-2021,3
2005991,16-05-2021,3
1941382,28-02-2021,3
2380747,07-08-2022,9
2285242,22-04-2022,4
460049,06-12-2015,3
460386,06-12-2015,3
348606,28-05-2015,4
283041,24-01-2015,5
1131855,02-06-2018,6
1114276,12-05-2018,6
1111649,09-05-2018,4
1400934,18-05-2019,4
1739571,19-07-2020,8
2052342,04-07-2021,4
2458863,13-11-2022,7
2320862,03-06-2022,3
2238657,20-02-2022,4
455394,29-11-2015,5
610402,22-07-2016,5
1905360,16-01-2021,5
454059,27-11-2015,9
1277411,14-12-2018,3
1043447,05-02-2018,4
2143889,17-10-2021,5
1999125,09-05-2021,0
2463465,19-11-2022,19
2315190,28-05-2022,3
2269059,02-04-2022,4
2263608,25-03-2022,2
2207406,09-01-2022,3
2531078,21-02-2023,5
454788,24-11-2015,4
1864205,28-11-2020,5
452007,23-11-2015,1
357164,13-06-2015,1
516341,04-03-2016,3
1007054,13-12-2017,3
869357,17-06-2017,4
821371,16-04-2017,9
1185040,11-08-2018,4
1527528,15-10-2019,4
1462317,30-07-2019,5
1429480,23-06-2019,5
1400561,20-05-2019,4
1739097,17-07-2020,4
1713668,22-06-2020,4
1671289,03-05-2020,4
2079044,31-07-2021,5
2072782,24-07-2021,4
2045043,25-06-2021,4
2013043,22-05-2021,5
1993090,02-05-2021,4
1980492,17-04-2021,5
2489345,27-12-2022,5
2425825,28-09-2022,5
2423538,24-09-2022,3
2376028,01-08-2022,3
2360953,16-07-2022,2
2251416,11-03-2022,2
2548773,18-03-2023,4
2513512,29-01-2023,3
2492314,01-01-2023,4
453317,22-11-2015,4
2443627,23-10-2022,5
451305,22-11-2015,5
688577,30-10-2016,5
773162,12-02-2017,3
1605798,26-01-2020,1
2170140,17-11-2021,4
448653,16-11-2015,1
448419,15-11-2015,0
447462,14-11-2015,4
443821,08-11-2015,3
848680,21-05-2017,3
809683,02-04-2017,5
1423435,16-06-2019,6
2158524,03-11-2021,4
2238165,20-02-2022,4
444168,08-11-2015,4
1743108,22-07-2020,4
440743,02-11-2015,0
438651,28-10-2015,3
2167889,13-11-2021,4
1987241,26-04-2021,5
437323,26-10-2015,5
619408,01-08-2016,4
559194,15-05-2016,4
921653,27-08-2017,3
1520425,06-10-2019,5
1328792,17-02-2019,5
1840265,01-11-2020,4
2010083,20-05-2021,3
436202,25-10-2015,5
436219,24-10-2015,4
435144,22-10-2015,3
563751,22-05-2016,4
547639,25-04-2016,4
965756,21-10-2017,4
1196051,25-08-2018,4
1025673,12-01-2018,2
1381857,28-04-2019,7
1846494,08-11-2020,8
1828019,18-10-2020,4
1807096,27-09-2020,4
1736508,16-07-2020,5
2176058,26-11-2021,4
2153779,28-10-2021,3
2103256,29-08-2021,5
2084889,06-08-2021,4
2029078,08-06-2021,3
2428950,02-10-2022,4
2378851,04-08-2022,3
2555459,27-03-2023,0
432072,17-10-2015,4
429614,10-10-2015,3
1739434,19-07-2020,13
1718463,27-06-2020,4
2054132,04-07-2021,3
2202001,01-01-2022,2
427621,09-10-2015,3
423223,01-10-2015,9
422020,28-09-2015,4
333576,03-05-2015,6
687940,29-10-2016,3
685379,25-10-2016,3
1467828,04-08-2019,17
1762997,12-08-2020,3
1721572,30-06-2020,4
1973435,07-04-2021,4
2379499,05-08-2022,0
421014,27-09-2015,10
420855,27-09-2015,4
391014,09-08-2015,4
381814,26-07-2015,3
711744,27-11-2016,7
700363,12-11-2016,3
652584,11-09-2016,6
749361,12-01-2017,2
1180161,04-08-2018,6
1546102,10-11-2019,4
1509721,22-09-2019,5
1482199,18-08-2019,4
1367011,09-04-2019,3
1787286,06-09-2020,6
1698306,06-06-2020,4
1631040,29-02-2020,4
1600787,19-01-2020,15
2053786,04-07-2021,4
1986770,25-04-2021,4
2407734,05-09-2022,2
2356327,10-07-2022,5
2348750,04-07-2022,4
2572471,14-04-2023,4
426559,25-09-2015,4
940068,23-09-2017,5
1582816,29-12-2019,5
2119101,18-09-2021,2
2052689,04-07-2021,4
419250,23-09-2015,5
412996,12-09-2015,4
369014,05-07-2015,6
689518,31-10-2016,4
553803,05-05-2016,6
530049,27-03-2016,4
763313,29-01-2017,4
1126712,27-05-2018,4
1092279,15-04-2018,6
1422981,15-06-2019,4
1365100,07-04-2019,4
1343330,10-03-2019,4
1852831,15-11-2020,5
1736383,15-07-2020,3
1610782,31-01-2020,4
1981353,18-04-2021,6
1941444,28-02-2021,5
1893601,03-01-2021,3
2269034,02-04-2022,3
2553829,25-03-2023,5
2553843,24-03-2023,8
2539065,05-03-2023,4
2508522,22-01-2023,7
419826,23-09-2015,3
417013,20-09-2015,6
357667,14-06-2015,4
290098,06-02-2015,4
1226923,06-10-2018,4
1400095,20-05-2019,2
2427775,30-09-2022,3
2318310,01-06-2022,0
418318,17-09-2015,0
415687,17-09-2015,4
413001,13-09-2015,5
1588308,04-01-2020,3
2492448,01-01-2023,4
412487,12-09-2015,4
398361,19-08-2015,3
341162,16-05-2015,4
501168,07-02-2016,7
780792,22-02-2017,4
1799307,19-09-2020,14
1775249,25-08-2020,4
1765890,15-08-2020,5
1731349,11-07-2020,6
2163306,09-11-2021,4
2119583,19-09-2021,2
1917661,01-02-2021,3
2480430,13-12-2022,4
2349723,05-07-2022,3
2252500,13-03-2022,2
411888,08-09-2015,4
412040,07-09-2015,0
408276,05-09-2015,4
317165,03-04-2015,4
588835,23-02-2015,4
510769,23-02-2016,4
1686747,23-05-2020,6
408256,05-09-2015,4
1725946,05-07-2020,3
2166768,14-11-2021,5
2202025,01-01-2022,4
404238,29-08-2015,2
597176,07-07-2016,4
405133,29-08-2015,3
402623,27-08-2015,2
403669,27-08-2015,2
775903,15-02-2017,4
749769,12-01-2017,2
401884,26-08-2015,4
402051,26-08-2015,2
1102900,29-04-2018,3
1774138,24-08-2020,4
2465213,22-11-2022,2
400091,23-08-2015,7
1145709,20-06-2018,5
1068615,12-03-2018,4
1581590,27-12-2019,3
399564,22-08-2015,1
577574,11-06-2016,0
1295294,06-01-2019,4
399212,21-08-2015,8
1735470,14-07-2020,8
2188260,13-12-2021,4
2094457,18-08-2021,3
2037887,17-06-2021,2
2018495,27-05-2021,5
2412487,11-09-2022,3
2237058,19-02-2022,2
2514902,31-01-2023,2
2492611,01-01-2023,5
395718,16-08-2015,5
590233,26-06-2016,4
2368110,24-07-2022,3
395549,15-08-2015,3
391263,09-08-2015,3
390914,08-08-2015,3
1850693,12-11-2020,6
1692496,30-05-2020,5
390774,08-08-2015,11
1719645,27-06-2020,1
390050,07-08-2015,0
389057,06-08-2015,4
934036,16-09-2017,8
769511,07-02-2017,4
1485340,22-08-2019,2
1289877,01-01-2019,5
2080733,02-08-2021,9
2280204,16-04-2022,9
2252792,13-03-2022,4
2584240,29-04-2023,9
381433,25-07-2015,4
2339866,24-06-2022,2
380162,23-07-2015,9
517895,07-03-2016,4
1012704,21-12-2017,4
1824979,15-10-2020,2
1704873,14-06-2020,5
2196827,25-12-2021,4
2291712,01-05-2022,12
2584808,30-04-2023,5
379166,22-07-2015,0
378452,21-07-2015,3
359215,16-06-2015,4
687375,28-10-2016,4
1750548,30-07-2020,5
2496391,05-01-2023,10
2497601,01-01-2023,9
377878,20-07-2015,6
357701,13-06-2015,5
334047,03-05-2015,4
640677,28-08-2016,4
907555,06-08-2017,6
907546,06-08-2017,4
879412,30-06-2017,6
1190035,18-08-2018,4
1139320,12-06-2018,4
1559257,27-11-2019,5
1754363,03-08-2020,4
1710537,20-06-2020,4
1711134,20-06-2020,4
1704217,12-06-2020,3
2169494,17-11-2021,3
2119470,18-09-2021,3
2108560,05-09-2021,4
2044701,25-06-2021,5
2005196,15-05-2021,4
2489614,28-12-2022,3
2479678,12-12-2022,4
2475554,06-12-2022,4
2411007,09-09-2022,4
2277011,12-04-2022,3
2571130,13-04-2023,4
2522557,10-02-2023,2
377189,19-07-2015,4
912375,13-08-2017,4
1467157,02-08-2019,3
377047,19-07-2015,6
369410,04-07-2015,4
318221,05-04-2015,4
709370,24-11-2016,4
585615,21-06-2016,2
1006150,12-12-2017,4
974051,27-10-2017,6
925809,02-09-2017,4
855113,29-05-2017,3
825111,20-04-2017,4
797553,19-03-2017,5
1071427,17-03-2018,7
1423330,16-06-2019,6
1375235,18-04-2019,4
1746282,26-07-2020,3
1734064,13-07-2020,3
1704862,14-06-2020,4
1691221,28-05-2020,7
1651742,03-04-2020,4
2155369,31-10-2021,2
2033605,13-06-2021,3
2431842,06-10-2022,4
2327991,11-06-2022,6
2247842,06-03-2022,4
2573266,15-04-2023,4
2568184,10-04-2023,5
390936,18-07-2015,5
376702,18-07-2015,4
377423,18-07-2015,2
604762,17-07-2016,2
597366,07-07-2016,4
549507,27-04-2016,2
896889,23-07-2017,4
1256435,14-11-2018,1
1540280,02-11-2019,4
1435028,29-06-2019,7
1319325,04-02-2019,4
1732485,12-07-2020,7
1724887,04-07-2020,4
1676515,10-05-2020,5
2172657,21-11-2021,4
2039346,19-06-2021,4
1939789,26-02-2021,4
1932479,18-02-2021,3
2442008,21-10-2022,11
2293603,03-05-2022,5
2275242,10-04-2022,4
2241857,25-02-2022,2
2508370,22-01-2023,12
374630,15-07-2015,1
373993,13-07-2015,4
373095,12-07-2015,3
373063,12-07-2015,4
338034,10-05-2015,4
652759,11-09-2016,3
881700,02-07-2017,4
1242443,26-10-2018,3
1153471,30-06-2018,5
1568230,10-12-2019,3
1434893,28-06-2019,4
1710680,20-06-2020,4
2011482,21-05-2021,4
2458086,11-11-2022,4
2344008,29-06-2022,4
369196,05-07-2015,3
368987,04-07-2015,4
368995,04-07-2015,4
287529,01-02-2015,6
940644,24-09-2017,4
1214298,20-09-2018,5
1711285,20-06-2020,8
2107168,03-09-2021,4
2280017,16-04-2022,4
369127,04-07-2015,4
281039,19-01-2015,5
699332,13-11-2016,4
693438,05-11-2016,4
688592,30-10-2016,5
667984,02-10-2016,4
518266,08-03-2016,3
815227,09-04-2017,3
1202134,02-09-2018,4
1151527,27-06-2018,4
1052372,18-02-2018,5
1575175,18-12-2019,4
1449602,16-07-2019,4
1425161,17-06-2019,4
1321093,05-02-2019,2
1835030,25-10-2020,3
1780266,30-08-2020,2
1703985,12-06-2020,8
1644111,23-03-2020,4
1600522,19-01-2020,5
2175329,25-11-2021,1
2157206,01-11-2021,4
2131406,02-10-2021,3
2091597,15-08-2021,2
2019155,29-05-2021,2
1964030,28-03-2021,4
2472924,01-12-2022,4
2340473,26-06-2022,3
2334359,18-06-2022,5
2289610,27-04-2022,5
2241299,24-02-2022,4
2214306,17-01-2022,4
2202727,02-01-2022,2
366046,29-06-2015,4
367099,28-06-2015,6
365399,28-06-2015,6
364872,27-06-2015,3
363418,24-06-2015,4
287031,01-02-2015,4
688841,30-10-2016,4
546258,23-04-2016,4
875322,24-06-2017,5
853032,27-05-2017,4
1764619,14-08-2020,4
1725167,05-07-2020,5
2167778,15-11-2021,4
2126747,27-09-2021,5
2426137,27-09-2022,4
2335052,20-06-2022,8
360895,20-06-2015,4
361014,19-06-2015,4
359830,17-06-2015,0
296327,22-02-2015,4
1681602,17-05-2020,4
2076889,28-07-2021,4
2000132,09-05-2021,5
2448372,30-10-2022,4
2406123,04-09-2022,7
2317016,30-05-2022,9
357597,14-06-2015,3
1080442,29-03-2018,4
1347974,16-03-2019,3
357732,13-06-2015,4
357770,13-06-2015,3
2361654,17-07-2022,5
357220,12-06-2015,4
356065,11-06-2015,8
699303,12-11-2016,5
634787,21-08-2016,13
1059559,27-02-2018,4
1882214,20-12-2020,2
1716944,25-06-2020,3
1606554,27-01-2020,4
353854,07-06-2015,0
353382,05-06-2015,5
1725802,05-07-2020,3
1721964,30-06-2020,5
2078540,29-07-2021,4
351936,03-06-2015,1
914819,16-08-2017,4
1704415,13-06-2020,7
350182,31-05-2015,2
1543835,07-11-2019,3
350021,31-05-2015,3
349976,31-05-2015,5
1765705,15-08-2020,5
346097,25-05-2015,4
903090,31-07-2017,4
1683653,19-05-2020,5
2154422,30-10-2021,4
2374990,31-07-2022,3
345681,24-05-2015,5
1759439,08-08-2020,5
346320,24-05-2015,3
327341,18-04-2015,5
555886,06-05-2016,3
1139176,11-06-2018,4
1564524,04-12-2019,2
1480326,15-08-2019,3
1752790,01-08-2020,4
1677566,11-05-2020,4
2135536,08-10-2021,3
2112252,09-09-2021,3
2085256,07-08-2021,4
2077549,28-07-2021,3
2043834,23-06-2021,2
2001362,10-05-2021,7
1982020,18-04-2021,4
2207469,09-01-2022,6
343106,18-05-2015,4
341622,17-05-2015,18
2318046,31-05-2022,4
339229,12-05-2015,0
1840600,01-11-2020,2
2166750,14-11-2021,1
2066905,18-07-2021,3
2518344,05-02-2023,3
340280,12-05-2015,4
689020,30-10-2016,3
2201535,31-12-2021,4
2186858,09-12-2021,4
2405859,03-09-2022,3
2539165,05-03-2023,4
333750,03-05-2015,1
330750,27-04-2015,2
329463,25-04-2015,4
567673,29-05-2016,6
520290,11-03-2016,5
893712,18-07-2017,3
840339,10-05-2017,3
1202437,02-09-2018,4
1142789,17-06-2018,19
1407189,27-05-2019,5
1404417,25-05-2019,9
1859110,22-11-2020,4
2090924,14-08-2021,4
2577693,20-04-2023,3
2570823,12-04-2023,4
2551596,21-03-2023,4
329322,25-04-2015,6
326792,21-04-2015,3
296215,22-02-2015,1
2142402,16-10-2021,3
325862,19-04-2015,4
893690,19-07-2017,5
868042,15-06-2017,3
1195537,25-08-2018,5
1162785,13-07-2018,3
1579856,25-12-2019,3
1475361,10-08-2019,4
1773996,24-08-2020,4
1740533,20-07-2020,4
1702276,11-06-2020,4
2165600,12-11-2021,2
2040643,20-06-2021,3
1988688,27-04-2021,3
1951738,13-03-2021,4
2462457,18-11-2022,0
2382827,08-08-2022,4
2367984,23-07-2022,5
2348167,04-07-2022,6
325445,18-04-2015,5
325166,18-04-2015,3
319808,07-04-2015,3
318531,05-04-2015,4
2316616,30-05-2022,6
314044,27-03-2015,7
313304,26-03-2015,4
1560645,29-11-2019,7
2072962,24-07-2021,6
1892704,01-01-2021,3
2303337,15-05-2022,4
468151,20-03-2015,5
308728,18-03-2015,5
849215,21-05-2017,4
1826655,16-10-2020,6
2321440,05-06-2022,2
305907,13-03-2015,3
994323,24-11-2017,6
304238,10-03-2015,5
736690,28-12-2016,4
989838,16-11-2017,7
789424,05-03-2017,4
1108879,05-05-2018,5
1572275,15-12-2019,4
2035733,14-06-2021,2
2006621,16-05-2021,4
1926742,11-02-2021,4
2528505,18-02-2023,1
2528066,17-02-2023,9
302786,08-03-2015,3
298122,26-02-2015,1
296121,22-02-2015,2
295502,17-02-2015,3
692025,02-11-2016,4
879953,01-07-2017,25
769859,07-02-2017,4
1257508,16-11-2018,1
1546155,10-11-2019,4
1301778,15-01-2019,4
1799160,18-09-2020,4
1786806,05-09-2020,4
1785593,03-09-2020,4
1986593,25-04-2021,3
2232476,12-02-2022,3
2555301,26-03-2023,5
290626,09-02-2015,1
290510,08-02-2015,6
289811,07-02-2015,2
2539196,04-03-2023,7
289146,05-02-2015,3
286810,31-01-2015,0
1504387,14-09-2019,4
285549,28-01-2015,3
282956,24-01-2015,1
298773,13-01-2015,5
1411408,01-06-2019,3
1692102,29-05-2020,5
2191683,17-12-2021,4
2323642,07-06-2022,0
277480,11-01-2015,3
479613,06-01-2016,1
1886141,24-12-2020,4
2108302,05-09-2021,2
2514564,30-01-2023,11
276766,11-01-2015,5
1441427,06-07-2019,4
1429810,23-06-2019,0
1826444,16-10-2020,4
1796684,15-09-2020,4
1690439,27-05-2020,5
2015730,26-05-2021,0
276536,10-01-2015,2
516758,05-03-2016,4
1148042,23-06-2018,4
1459389,27-07-2019,3
1376883,19-04-2019,4
1711397,20-06-2020,5
2110077,07-09-2021,5
1974943,11-04-2021,3
2487517,23-12-2022,2
273535,04-01-2015,4
684130,25-10-2016,3
647865,04-09-2016,10
583631,19-06-2016,4
1837146,28-10-2020,4
740447,31-12-2016,2
738041,30-12-2016,5
1842421,02-11-2020,5
1829132,19-10-2020,5
738576,30-12-2016,3
735947,25-12-2016,4
2254579,15-03-2022,5
733599,25-12-2016,5
2420406,20-09-2022,4
732927,24-12-2016,7
733176,24-12-2016,0
1793680,12-09-2020,5
732263,23-12-2016,3
557589,11-05-2016,4
1013377,23-12-2017,4
821400,15-04-2017,6
1229738,08-10-2018,4
1202318,02-09-2018,7
1557006,24-11-2019,4
1382099,28-04-2019,4
1333480,22-02-2019,2
1314253,27-01-2019,5
2165535,12-11-2021,2
2107916,04-09-2021,2
2005813,16-05-2021,4
1968887,04-04-2021,5
2406042,03-09-2022,2
2398118,25-08-2022,3
2381000,07-08-2022,4
2287581,25-04-2022,3
2585253,30-04-2023,4
2545871,14-03-2023,0
727759,17-12-2016,0
883282,05-07-2017,2
725323,09-12-2016,0
717616,02-12-2016,6
716001,01-12-2016,3
966895,23-10-2017,3
712796,28-11-2016,3
713445,28-11-2016,4
2368575,24-07-2022,6
2538963,04-03-2023,5
709276,24-11-2016,3
1157073,05-07-2018,4
1758774,08-08-2020,3
1708889,18-06-2020,7
2137575,09-10-2021,6
2103132,28-08-2021,5
2011077,21-05-2021,5
1916374,30-01-2021,4
2399820,28-08-2022,6
2376380,02-08-2022,5
708777,23-11-2016,4
708392,22-11-2016,4
1992469,01-05-2021,3
703245,17-11-2016,7
1699193,07-06-2020,5
693624,05-11-2016,3
1201973,01-09-2018,3
1686414,23-05-2020,5
1894941,04-01-2021,7
692315,03-11-2016,2
688210,29-10-2016,4
787435,03-03-2017,5
1243331,29-10-2018,7
1852363,14-11-2020,3
2125227,25-09-2021,6
686312,27-10-2016,0
563630,21-05-2016,3
683142,23-10-2016,4
678438,17-10-2016,4
643824,30-08-2016,4
595279,04-07-2016,4
547319,24-04-2016,3
532604,31-03-2016,4
501349,07-02-2016,4
757032,22-01-2017,4
672203,09-10-2016,8
1793826,13-09-2020,7
2097271,22-08-2021,3
2412289,11-09-2022,4
2361609,17-07-2022,4
2334374,19-06-2022,4
2321693,05-06-2022,3
668279,01-10-2016,0
663624,26-09-2016,4
1399346,18-05-2019,4
1365052,07-04-2019,7
1841432,01-11-2020,3
2166055,13-11-2021,4
2032580,11-06-2021,3
2303130,15-05-2022,7
2579262,22-04-2023,4
662548,25-09-2016,3
1067264,11-03-2018,3
1772438,23-08-2020,4
2050972,02-07-2021,4
661703,23-09-2016,0
657863,18-09-2016,3
656991,16-09-2016,2
652561,11-09-2016,5
1082835,01-04-2018,5
1067296,11-03-2018,4
1428788,21-06-2019,3
1711272,20-06-2020,3
1640007,14-03-2020,2
2080006,31-07-2021,2
1993551,03-05-2021,4
2321772,05-06-2022,2
652606,11-09-2016,5
2437177,13-10-2022,4
651957,08-09-2016,0
651434,08-09-2016,4
2300713,12-05-2022,4
648490,05-09-2016,4
1038429,28-01-2018,0
2253714,14-03-2022,3
641732,29-08-2016,5
641419,28-08-2016,6
811089,03-04-2017,7
1450124,17-07-2019,3
1652073,04-04-2020,2
2247828,06-03-2022,4
2545631,13-03-2023,3
640861,28-08-2016,5
2573436,15-04-2023,32
640500,27-08-2016,6
640901,25-08-2016,5
2012633,22-05-2021,11
634238,20-08-2016,4
1434602,28-06-2019,5
634731,20-08-2016,5
1479395,13-08-2019,3
2147301,21-10-2021,0
1922354,06-02-2021,3
2348263,03-07-2022,4
2340409,26-06-2022,8
2308395,21-05-2022,4
634819,20-08-2016,0
632747,18-08-2016,4
1975405,10-04-2021,4
2259262,21-03-2022,4
628623,13-08-2016,4
628635,13-08-2016,4
626153,10-08-2016,4
2177300,28-11-2021,4
1898261,09-01-2021,2
623523,07-08-2016,2
624046,07-08-2016,3
1013983,24-12-2017,5
1688610,26-05-2020,4
623195,06-08-2016,0
624057,05-08-2016,3
881921,03-07-2017,3
1777180,26-08-2020,1
622500,05-08-2016,2
493085,25-01-2016,4
619708,02-08-2016,4
616948,30-07-2016,1
618321,30-07-2016,5
617334,29-07-2016,7
2108378,05-09-2021,6
2584743,30-04-2023,3
615109,28-07-2016,5
610584,24-07-2016,7
2445686,25-10-2022,2
610379,23-07-2016,1
607265,19-07-2016,4
1800779,19-09-2020,5
604207,15-07-2016,1
603475,14-07-2016,1
602810,13-07-2016,5
2108406,04-09-2021,4
601119,11-07-2016,4
600398,11-07-2016,2
594051,03-07-2016,3
1703044,11-06-2020,0
2107828,04-09-2021,3
1969505,04-04-2021,6
2373924,30-07-2022,3
2362355,16-07-2022,5
2268762,02-04-2022,5
2248613,06-03-2022,4
589488,27-06-2016,1
589046,24-06-2016,4
518436,07-03-2016,0
839846,09-05-2017,1
1052035,17-02-2018,7
1520330,06-10-2019,5
2449986,31-10-2022,6
587735,24-06-2016,5
966153,22-10-2017,4
940142,23-09-2017,2
1151373,27-06-2018,4
1494113,01-09-2019,3
1435041,29-06-2019,4
1754672,04-08-2020,5
1622406,16-02-2020,5
2057427,08-07-2021,4
2375097,31-07-2022,4
2270578,04-04-2022,3
2577642,20-04-2023,3
587769,24-06-2016,2
585821,22-06-2016,1
586044,21-06-2016,4
876076,24-06-2017,4
583537,18-06-2016,2
583584,18-06-2016,3
580848,14-06-2016,4
483750,11-01-2016,4
900963,28-07-2017,4
1160253,09-07-2018,0
1386575,04-05-2019,4
1365173,07-04-2019,6
1749281,28-07-2020,2
1732321,11-07-2020,5
2110346,07-09-2021,4
2012345,22-05-2021,4
1992127,01-05-2021,4
2393474,20-08-2022,4
578238,11-06-2016,4
577073,11-06-2016,2
2377855,03-08-2022,4
575607,09-06-2016,4
573327,06-06-2016,4
572696,05-06-2016,3
560782,17-05-2016,1
565244,15-05-2016,0
558796,14-05-2016,3
554133,06-05-2016,3
551053,01-05-2016,5
1921939,06-02-2021,4
2232351,12-02-2022,4
550445,29-04-2016,4
549071,27-04-2016,1
548333,26-04-2016,4
546760,24-04-2016,5
546244,23-04-2016,1
1206375,09-09-2018,4
1711690,21-06-2020,4
546550,23-04-2016,4
832528,30-04-2017,1
787875,04-03-2017,4
546022,22-04-2016,0
545525,22-04-2016,0
543441,19-04-2016,4
543108,17-04-2016,6
542362,16-04-2016,4
1806035,26-09-2020,3
539705,09-04-2016,4
2313988,27-05-2022,6
525464,19-03-2016,4
1022055,07-01-2018,4
525301,19-03-2016,2
1158826,07-07-2018,2
519541,09-03-2016,2
517058,06-03-2016,6
517114,06-03-2016,4
2196434,24-12-2021,3
513640,28-02-2016,3
512880,27-02-2016,2
512073,26-02-2016,0
511436,25-02-2016,14
509897,23-02-2016,0
495940,30-01-2016,5
2247747,05-03-2022,3
508879,21-02-2016,3
508640,20-02-2016,2
1562685,01-12-2019,3
2155826,29-10-2021,4
2367972,23-07-2022,9
508356,20-02-2016,3
2290026,28-04-2022,3
508113,20-02-2016,3
590221,19-02-2016,0
507998,19-02-2016,3
821667,16-04-2017,4
1246059,30-10-2018,3
1088778,09-04-2018,4
1371024,14-04-2019,3
1701491,09-06-2020,3
505420,14-02-2016,5
1026804,14-01-2018,4
504996,13-02-2016,4
1497702,04-09-2019,2
2049907,30-06-2021,4
501256,07-02-2016,4
500629,06-02-2016,4
494378,27-01-2016,0
1405196,25-05-2019,9
2050353,01-07-2021,2
2465761,22-11-2022,6
486728,17-01-2016,3
1017372,31-12-2017,6
1389220,07-05-2019,8
1018118,31-12-2017,0
1014052,24-12-2017,4
1764756,15-08-2020,3
2166817,14-11-2021,5
1014971,23-12-2017,3
1009629,16-12-2017,4
1008310,15-12-2017,5
1006446,12-12-2017,4
2197391,26-12-2021,1
2296808,07-05-2022,2
990974,17-11-2017,4
1787006,06-09-2020,5
2107467,03-09-2021,3
2257778,18-03-2022,5
987611,14-11-2017,12
985832,11-11-2017,5
2122565,22-09-2021,2
1945999,06-03-2021,4
2258012,19-03-2022,3
2576366,18-04-2023,3
2563072,02-04-2023,4
984822,10-11-2017,4
980577,05-11-2017,20
980192,04-11-2017,4
2198014,27-12-2021,3
2094071,18-08-2021,4
980060,04-11-2017,3
980258,03-11-2017,4
1176169,31-07-2018,3
980401,03-11-2017,4
1873798,08-12-2020,3
974704,28-10-2017,3
935928,17-09-2017,4
1323448,09-02-2019,4
1743488,23-07-2020,4
2037813,17-06-2021,4
2285158,22-04-2022,5
966178,22-10-2017,7
2437630,13-10-2022,6
962359,18-10-2017,3
2095394,19-08-2021,3
962623,16-10-2017,3
884764,06-07-2017,4
1885251,22-12-2020,0
2139674,12-10-2021,1
957980,12-10-2017,2
957562,11-10-2017,0
952720,05-10-2017,0
945990,01-10-2017,2
940554,24-09-2017,8
1096826,22-04-2018,3
2328108,11-06-2022,2
941257,24-09-2017,3
932181,13-09-2017,3
932906,13-09-2017,4
1174423,29-07-2018,4
930569,10-09-2017,1
1080234,29-03-2018,3
931139,09-09-2017,4
927277,04-09-2017,4
926766,03-09-2017,3
1273161,08-12-2018,5
2217882,23-01-2022,1
922184,28-08-2017,4
921289,25-08-2017,4
1686369,15-05-2020,5
2067135,18-07-2021,4
2044733,24-06-2021,4
2455484,06-11-2022,4
917820,21-08-2017,0
913924,14-08-2017,2
907247,05-08-2017,4
907611,05-08-2017,3
1412419,01-06-2019,5
906568,05-08-2017,3
1246489,02-11-2018,4
1364443,06-04-2019,4
1289618,01-01-2019,5
1782962,31-08-2020,4
2469354,27-11-2022,4
2448330,29-10-2022,9
906509,04-08-2017,2
904106,01-08-2017,6
901000,29-07-2017,3
1666600,26-04-2020,4
1605770,26-01-2020,6
898631,26-07-2017,6
1579220,24-12-2019,6
1920771,04-02-2021,3
2497502,07-01-2023,0
893752,18-07-2017,4
886564,09-07-2017,7
886002,08-07-2017,4
883058,05-07-2017,1
882665,04-07-2017,4
882321,04-07-2017,4
1429399,22-06-2019,4
883489,04-07-2017,3
1834280,25-10-2020,3
1745903,25-07-2020,4
2436826,13-10-2022,3
2386032,13-08-2022,6
2224013,31-01-2022,3
882422,03-07-2017,1
880738,02-07-2017,4
1188597,15-08-2018,5
1654971,08-04-2020,3
2081131,02-08-2021,1
883656,01-07-2017,4
874613,24-06-2017,4
743995,06-01-2017,6
1732365,12-07-2020,2
2255816,17-03-2022,2
2227759,06-02-2022,4
868363,15-06-2017,0
866739,14-06-2017,5
1727743,07-07-2020,5
868147,14-06-2017,4
869474,13-06-2017,4
861307,06-06-2017,2
855764,30-05-2017,3
853901,28-05-2017,12
1987235,25-04-2021,4
853920,28-05-2017,5
853756,27-05-2017,1
845364,16-05-2017,1
843045,14-05-2017,5
843172,14-05-2017,5
832309,30-04-2017,5
2528239,18-02-2023,4
835459,29-04-2017,3
831800,29-04-2017,5
831667,29-04-2017,3
1373557,16-04-2019,3
2094421,18-08-2021,3
832063,29-04-2017,4
1156638,05-07-2018,6
1086966,06-04-2018,3
1410442,31-05-2019,4
1846712,08-11-2020,4
1962562,26-03-2021,9
2565404,05-04-2023,4
825694,21-04-2017,2
821723,16-04-2017,4
2181096,02-12-2021,3
2304029,15-05-2022,4
2521423,08-02-2023,4
821640,15-04-2017,4
821651,15-04-2017,4
1071381,17-03-2018,4
822750,15-04-2017,4
813877,07-04-2017,1
1087153,08-04-2018,3
813943,07-04-2017,1
1435217,28-06-2019,5
2137198,10-10-2021,15
2133137,05-10-2021,4
2115947,12-09-2021,0
1992570,02-05-2021,4
2406597,04-09-2022,2
2238575,21-02-2022,3
2533625,25-02-2023,3
813028,06-04-2017,3
1527721,04-08-2019,4
1729506,01-07-2020,4
1705050,14-06-2020,4
1687999,25-05-2020,6
1979869,15-04-2021,3
2471298,30-11-2022,8
809815,01-04-2017,5
804115,27-03-2017,4
2503245,16-01-2023,5
802926,25-03-2017,4
2249608,07-03-2022,4
2212203,15-01-2022,4
800363,22-03-2017,0
794468,15-03-2017,1
1934077,20-02-2021,2
791274,10-03-2017,1
783102,25-02-2017,3
779582,21-02-2017,0
773002,12-02-2017,6
773908,12-02-2017,5
772989,11-02-2017,4
768243,06-02-2017,0
1962934,27-03-2021,6
764020,30-01-2017,4
1025158,27-01-2017,0
761973,27-01-2017,10
760482,26-01-2017,3
1204486,04-09-2018,4
1312391,26-01-2019,4
1784141,02-09-2020,3
1673633,06-05-2020,3
2499425,08-01-2023,4
757158,22-01-2017,2
756801,21-01-2017,6
1853089,15-11-2020,2
756526,21-01-2017,5
1886372,25-12-2020,4
1611037,31-01-2020,3
2034470,14-06-2021,3
757955,20-01-2017,4
1732532,12-07-2020,4
752249,15-01-2017,1
751367,15-01-2017,4
742542,04-01-2017,1
742001,03-01-2017,4
1969221,03-04-2021,0
743282,01-01-2017,5
1288376,29-12-2018,3
1157733,05-07-2018,5
1287286,28-12-2018,1
1284586,24-12-2018,2
1276298,11-12-2018,3
1272855,09-12-2018,4
1755566,04-08-2020,4
1272106,08-12-2018,5
1800549,20-09-2020,4
1767851,18-08-2020,4
2079516,31-07-2021,10
2060605,12-07-2021,4
2425393,27-09-2022,4
2417634,18-09-2022,3
2349758,04-07-2022,4
2347228,02-07-2022,3
1266937,26-11-2018,4
1262814,25-11-2018,2
1258009,18-11-2018,4
1254225,13-11-2018,1
1254084,12-11-2018,1
1253361,11-11-2018,1
1249561,07-11-2018,2
1246727,03-11-2018,5
1247019,02-11-2018,4
1243010,28-10-2018,2
1238052,21-10-2018,3
1233068,14-10-2018,2
2305208,17-05-2022,3
1232288,13-10-2018,1
1232044,12-10-2018,6
2072342,23-07-2021,2
2050151,01-07-2021,4
1226179,04-10-2018,3
1225631,04-10-2018,4
2052471,03-07-2021,3
2419473,19-09-2022,3
1215954,23-09-2018,4
1215904,22-09-2018,4
2321698,04-06-2022,3
2554912,25-03-2023,4
1213926,20-09-2018,3
1213223,19-09-2018,4
1213293,19-09-2018,4
1212984,18-09-2018,4
1640278,13-03-2020,5
1211659,17-09-2018,1
1201885,02-09-2018,4
1892034,01-01-2021,7
1200904,31-08-2018,3
1126434,27-05-2018,3
1419305,11-06-2019,4
1717828,26-06-2020,5
1594173,11-01-2020,5
2176653,28-11-2021,5
2167297,15-11-2021,6
2130634,02-10-2021,3
2040265,20-06-2021,4
2448366,30-10-2022,0
2250540,09-03-2022,4
1186888,14-08-2018,5
1185520,12-08-2018,1
1184607,11-08-2018,3
1174990,29-07-2018,4
1535629,27-10-2019,4
1732688,12-07-2020,5
2186517,10-12-2021,3
2034408,14-06-2021,2
2257132,17-03-2022,4
1173476,27-07-2018,0
1169656,20-07-2018,4
2296064,05-05-2022,5
1165214,16-07-2018,4
1149173,24-06-2018,3
1056240,23-02-2018,3
1163947,14-07-2018,4
1161230,11-07-2018,4
1160418,08-07-2018,6
1153134,30-06-2018,6
1151584,28-06-2018,0
1827437,18-10-2020,3
1148468,24-06-2018,6
1148678,24-06-2018,4
1148647,24-06-2018,4
1161366,23-06-2018,4
1332181,20-02-2019,4
1147323,22-06-2018,3
1146760,21-06-2018,4
1144852,18-06-2018,1
1137848,10-06-2018,2
1141645,14-06-2018,5
1141943,14-06-2018,4
1141108,14-06-2018,3
1137435,10-06-2018,6
1137586,10-06-2018,4
1137547,10-06-2018,7
1561813,01-12-2019,4
1327321,15-02-2019,6
1137600,10-06-2018,5
1137737,09-06-2018,4
1129432,31-05-2018,2
1122728,20-05-2018,4
1121111,20-05-2018,7
1118785,18-05-2018,13
1116705,16-05-2018,1
1114402,13-05-2018,4
1113538,12-05-2018,4
1112948,11-05-2018,4
1108856,06-05-2018,4
1110773,04-05-2018,4
1109928,04-05-2018,4
1103454,30-04-2018,4
2534613,26-02-2023,2
1103423,29-04-2018,4
1102808,29-04-2018,2
1103045,29-04-2018,3
1102559,28-04-2018,5
1095043,18-04-2018,3
2393051,20-08-2022,4
1082273,31-03-2018,5
1077180,24-03-2018,4
1078612,13-03-2018,4
1066594,09-03-2018,1
1064514,07-03-2018,2
2440211,08-10-2022,2
1049217,14-02-2018,17
1046961,10-02-2018,0
1044234,07-02-2018,3
1042280,03-02-2018,5
2022129,31-05-2021,5
1037529,28-01-2018,0
1037438,27-01-2018,4
1033262,23-01-2018,14
1042072,15-01-2018,5
1027013,14-01-2018,4
1025272,11-01-2018,2
1022067,07-01-2018,5
1021788,05-01-2018,6
2451550,02-11-2022,3
1020574,04-01-2018,3
1583444,29-12-2019,5
1636564,08-03-2020,3
1580308,26-12-2019,5
2155172,30-10-2021,4
1930463,16-02-2021,1
1579970,25-12-2019,3
1594317,24-12-2019,5
2155329,31-10-2021,11
2234868,15-02-2022,3
1577688,22-12-2019,7
1578711,21-12-2019,4
1577438,20-12-2019,2
1573754,17-12-2019,1
1573471,14-12-2019,4
1571348,12-12-2019,3
2502550,14-01-2023,4
1567932,08-12-2019,3
1565216,06-12-2019,8
1622962,16-02-2020,4
1978616,15-04-2021,6
2333675,18-06-2022,5
1562043,01-12-2019,3
1561398,30-11-2019,5
1784570,03-09-2020,3
1558067,25-11-2019,2
1556984,24-11-2019,2
1554807,21-11-2019,4
1548689,14-11-2019,3
1546508,09-11-2019,4
1540841,03-11-2019,3
2080390,01-08-2021,3
1539572,01-11-2019,5
1539557,01-11-2019,4
1539347,31-10-2019,3
1535478,26-10-2019,6
1533166,22-10-2019,3
1531326,21-10-2019,4
1499460,08-09-2019,2
1852604,14-11-2020,1
2551678,21-03-2023,0
1530965,20-10-2019,3
1530407,19-10-2019,4
2380783,06-08-2022,4
1525265,12-10-2019,5
1521226,07-10-2019,0
1519090,03-10-2019,3
1518859,03-10-2019,3
1515312,29-09-2019,3
1517360,29-09-2019,4
1508804,21-09-2019,8
1653012,05-04-2020,4
1505354,16-09-2019,2
1500098,08-09-2019,3
1400146,20-05-2019,4
2243285,27-02-2022,4
1499300,07-09-2019,1
1494697,02-09-2019,2
1810696,30-09-2020,4
1660797,17-04-2020,3
1625787,20-02-2020,4
2047726,27-06-2021,4
1951476,12-03-2021,3
2445939,25-10-2022,4
2354111,08-07-2022,4
2513575,29-01-2023,6
1495192,02-09-2019,0
1494548,01-09-2019,7
1492441,31-08-2019,23
1492297,31-08-2019,4
1487729,25-08-2019,4
1487356,24-08-2019,7
1487224,24-08-2019,3
1887059,26-12-2020,5
1725407,04-07-2020,4
1489373,23-08-2019,4
1478480,12-08-2019,4
1834617,24-10-2020,8
2346406,01-07-2022,7
1460448,28-07-2019,17
2154851,30-10-2021,2
1461352,28-07-2019,2
1459201,26-07-2019,3
1457165,25-07-2019,2
1452654,20-07-2019,4
1440879,05-07-2019,5
1439042,03-07-2019,3
1676746,10-05-2020,6
1438602,02-07-2019,4
1436545,30-06-2019,5
1435578,30-06-2019,6
2013595,23-05-2021,4
1435297,29-06-2019,4
1429475,23-06-2019,3
1429338,23-06-2019,1
1428047,21-06-2019,0
1426537,20-06-2019,10
2493102,01-01-2023,4
1418457,09-06-2019,3
1418180,08-06-2019,2
1415399,05-06-2019,4
2053500,05-07-2021,3
1411661,31-05-2019,3
1410329,30-05-2019,5
1700234,07-06-2020,3
1408289,29-05-2019,2
2584064,28-04-2023,0
1409255,29-05-2019,3
1405749,26-05-2019,5
1399017,18-05-2019,4
1398553,18-05-2019,8
1398584,18-05-2019,2
2130763,01-10-2021,6
2274790,10-04-2022,9
1398538,18-05-2019,6
1396491,15-05-2019,4
1392923,11-05-2019,4
1386962,05-05-2019,4
1387170,05-05-2019,6
1382711,28-04-2019,0
1381273,27-04-2019,3
1370269,12-04-2019,4
2097481,22-08-2021,3
1363737,04-04-2019,3
1362715,04-04-2019,2
1362364,02-04-2019,4
1362182,02-04-2019,5
1909849,22-01-2021,5
2270747,04-04-2022,4
1349256,17-03-2019,3
1347894,14-03-2019,3
1332507,21-02-2019,2
1329144,17-02-2019,2
1328562,16-02-2019,0
1324279,11-02-2019,0
1896384,06-01-2021,2
1320286,03-02-2019,0
1312284,26-01-2019,0
1310775,24-01-2019,1
1310397,24-01-2019,1
2579441,21-04-2023,4
1309114,23-01-2019,0
1305563,19-01-2019,4
1305679,19-01-2019,4
1303486,17-01-2019,1
1303303,16-01-2019,1
1293054,04-01-2019,4
1761557,11-08-2020,5
1292684,04-01-2019,2
1890946,31-12-2020,4
1886721,25-12-2020,0
1876727,13-12-2020,0
1876231,12-12-2020,2
1876552,12-12-2020,2
1877628,10-12-2020,4
1908063,08-12-2020,0
1870827,06-12-2020,6
1871627,05-12-2020,3
1870840,05-12-2020,6
1867006,01-12-2020,3
1866100,30-11-2020,0
1864683,29-11-2020,11
1863726,28-11-2020,10
2124396,24-09-2021,1
1862603,26-11-2020,5
1842362,03-11-2020,1
2315361,29-05-2022,7
1858965,21-11-2020,2
1857040,20-11-2020,8
1856417,19-11-2020,3
1852853,14-11-2020,4
1846764,07-11-2020,4
1845690,07-11-2020,3
1826613,17-10-2020,5
1971410,07-04-2021,0
1843360,04-11-2020,4
1840534,01-11-2020,6
1840310,01-11-2020,4
2040991,20-06-2021,3
1839576,31-10-2020,5
1839462,31-10-2020,4
1840041,31-10-2020,7
1839112,30-10-2020,3
1838368,29-10-2020,4
1832977,22-10-2020,5
1830822,21-10-2020,2
1826680,17-10-2020,5
1823101,10-10-2020,8
1819955,10-10-2020,2
2400998,29-08-2022,4
1809484,29-09-2020,2
1806002,26-09-2020,6
1804511,23-09-2020,3
1800886,21-09-2020,4
1795391,14-09-2020,4
1794138,13-09-2020,3
1793521,13-09-2020,7
1792624,11-09-2020,5
1788352,07-09-2020,0
1786829,06-09-2020,4
1746417,26-07-2020,3
1786855,06-09-2020,6
1785713,05-09-2020,6
1805455,03-09-2020,3
1780199,30-08-2020,3
2474143,04-12-2022,5
1780091,30-08-2020,5
1778571,29-08-2020,5
1686615,23-05-2020,4
1776905,26-08-2020,4
1772934,23-08-2020,6
2564105,03-04-2023,3
1772680,23-08-2020,4
1772174,22-08-2020,3
1767402,17-08-2020,2
1765336,15-08-2020,0
1759425,08-08-2020,4
2584772,30-04-2023,4
1759237,08-08-2020,5
1754613,04-08-2020,4
2513044,28-01-2023,2
1753235,01-08-2020,3
1749873,29-07-2020,0
1748134,27-07-2020,3
1746658,26-07-2020,4
1748023,26-07-2020,4
2025254,02-06-2021,4
1745737,25-07-2020,7
1743168,23-07-2020,3
1739413,17-07-2020,4
1735573,14-07-2020,5
2434151,08-10-2022,4
1734058,13-07-2020,6
1725108,05-07-2020,8
2066249,16-07-2021,3
1726770,05-07-2020,3
1725327,05-07-2020,4
2170438,18-11-2021,3
1725635,05-07-2020,4
1726034,05-07-2020,5
1727515,05-07-2020,4
1725025,04-07-2020,3
2236857,18-02-2022,2
1725735,04-07-2020,5
1723897,03-07-2020,3
1723184,02-07-2020,3
1611563,31-01-2020,4
2434847,10-10-2022,3
1723352,02-07-2020,4
1722317,30-06-2020,4
1720834,29-06-2020,4
1720655,29-06-2020,3
1719668,28-06-2020,7
1718847,27-06-2020,4
1715231,23-06-2020,5
1710849,20-06-2020,5
1710920,20-06-2020,2
1706994,16-06-2020,2
1705355,13-06-2020,4
1705440,13-06-2020,5
1701714,10-06-2020,4
1700864,09-06-2020,5
1699577,07-06-2020,5
1699211,07-06-2020,7
1700812,06-06-2020,5
1698276,06-06-2020,4
1697453,04-06-2020,0
1695586,02-06-2020,5
2144160,17-10-2021,6
2232854,13-02-2022,5
1693340,31-05-2020,5
2201716,31-12-2021,3
1693246,30-05-2020,4
1688753,26-05-2020,5
1687414,24-05-2020,1
1687027,23-05-2020,5
1682233,17-05-2020,1
1681588,16-05-2020,13
2244673,26-02-2022,10
1678589,13-05-2020,4
1661537,18-04-2020,2
1656265,10-04-2020,4
2025891,04-06-2021,3
1652601,04-04-2020,4
1652328,04-04-2020,4
2019622,30-05-2021,20
2543201,10-03-2023,0
1643775,22-03-2020,4
1640295,15-03-2020,0
1636471,08-03-2020,4
1635796,08-03-2020,5
1634128,04-03-2020,5
2454565,06-11-2022,5
1631831,29-02-2020,5
1627335,23-02-2020,1
1625553,20-02-2020,3
1623696,17-02-2020,2
1619064,10-02-2020,4
2137555,10-10-2021,4
2050167,30-06-2021,3
1940791,28-02-2021,4
1613020,03-02-2020,1
1612716,03-02-2020,5
1612597,01-02-2020,4
2463882,19-11-2022,6
1610240,30-01-2020,4
2315333,28-05-2022,3
1605948,26-01-2020,5
2539531,04-03-2023,5
1605752,26-01-2020,3
1606476,24-01-2020,0
1600350,18-01-2020,2
1599331,17-01-2020,1
1592655,08-01-2020,2
2584748,30-04-2023,4
1585394,01-01-2020,7
2101774,27-08-2021,2
2201052,30-12-2021,1
2197178,26-12-2021,4
2197421,26-12-2021,6
2187939,12-12-2021,6
2187990,12-12-2021,13
2431069,05-10-2022,2
2188066,12-12-2021,4
2439423,17-10-2022,0
2187027,11-12-2021,3
1962686,27-03-2021,3
2186246,09-12-2021,5
2178487,30-11-2021,7
2179099,30-11-2021,2
2177416,28-11-2021,0
2439294,16-10-2022,4
2175615,25-11-2021,4
2173531,23-11-2021,4
2174033,23-11-2021,3
2160608,06-11-2021,6
2174685,22-11-2021,2
2172178,21-11-2021,5
2172018,20-11-2021,4
2166953,14-11-2021,2
2163772,09-11-2021,4
2163617,09-11-2021,2
2162196,08-11-2021,1
2161323,07-11-2021,3
2145931,19-10-2021,2
1980689,18-04-2021,3
2417641,18-09-2022,2
2349746,04-07-2022,4
2201641,01-01-2022,3
2161116,06-11-2021,2
2155517,31-10-2021,2
2155428,31-10-2021,3
2155001,30-10-2021,9
2154283,29-10-2021,5
2150274,25-10-2021,3
2154085,24-10-2021,2
2150037,24-10-2021,3
2148891,23-10-2021,4
2148633,23-10-2021,7
2148946,22-10-2021,4
2386151,13-08-2022,4
2367193,23-07-2022,6
2147042,20-10-2021,0
2143277,17-10-2021,7
2155043,14-10-2021,6
2238312,20-02-2022,3
2139048,12-10-2021,5
2137321,10-10-2021,3
2137561,10-10-2021,4
1892114,01-01-2021,4
2136907,09-10-2021,4
2131471,03-10-2021,4
2126261,26-09-2021,3
2125444,25-09-2021,1
2123395,23-09-2021,14
2119950,19-09-2021,7
2119478,18-09-2021,5
2289308,27-04-2022,3
2114626,12-09-2021,4
2122103,12-09-2021,2
2114510,11-09-2021,5
2108892,05-09-2021,4
2115336,05-09-2021,4
2107198,02-09-2021,4
2104725,31-08-2021,2
2104181,30-08-2021,3
2102082,27-08-2021,4
2092110,14-08-2021,4
2089557,10-08-2021,2
2081884,03-08-2021,3
2074406,25-07-2021,1
2071982,23-07-2021,4
2072896,23-07-2021,4
2069490,21-07-2021,4
2068568,20-07-2021,0
2067728,19-07-2021,6
2066680,18-07-2021,4
2066812,18-07-2021,3
2064260,16-07-2021,4
2063495,15-07-2021,5
2063897,15-07-2021,3
2063394,14-07-2021,2
2060706,12-07-2021,3
2060293,12-07-2021,4
2059440,11-07-2021,5
2320673,04-06-2022,5
2052524,04-07-2021,4
2053563,04-07-2021,5
2052058,03-07-2021,1
2051763,03-07-2021,4
2512617,26-01-2023,4
2046574,27-06-2021,3
2047787,26-06-2021,3
2041363,20-06-2021,10
2040243,20-06-2021,4
2035313,15-06-2021,2
2033905,13-06-2021,6
2031801,11-06-2021,2
2030639,10-06-2021,4
2027046,07-06-2021,3
2503178,15-01-2023,3
2026651,06-06-2021,4
2026123,06-06-2021,6
2019751,30-05-2021,4
1960283,23-03-2021,2
2014343,24-05-2021,2
2014381,24-05-2021,0
2008415,18-05-2021,4
2005671,16-05-2021,5
2524577,13-02-2023,5
2002286,12-05-2021,2
1998865,08-05-2021,4
1998476,08-05-2021,1
1998067,07-05-2021,4
1992410,01-05-2021,4
1992490,01-05-2021,5
1989840,28-04-2021,0
1989023,27-04-2021,4
1988326,26-04-2021,7
1956081,18-03-2021,4
1893953,03-01-2021,4
1991347,25-04-2021,4
1980971,17-04-2021,9
1973809,10-04-2021,4
2417696,18-09-2022,4
1973692,10-04-2021,3
1972187,08-04-2021,5
2584763,30-04-2023,4
1967893,03-04-2021,5
2298092,09-05-2022,5
1968553,03-04-2021,7
1966181,31-03-2021,2
1963598,28-03-2021,1
1958652,22-03-2021,1
1954379,16-03-2021,1
1950346,11-03-2021,3
1948233,08-03-2021,3
1948470,07-03-2021,4
1947241,06-03-2021,3
1941669,28-02-2021,4
1941647,28-02-2021,4
1943271,27-02-2021,4
2487989,24-12-2022,4
1940190,27-02-2021,3
1934704,21-02-2021,4
1935235,21-02-2021,4
1934225,20-02-2021,4
1933975,20-02-2021,3
1934181,20-02-2021,4
1928205,13-02-2021,3
1924338,09-02-2021,4
1923786,06-02-2021,4
1921768,06-02-2021,5
1921641,05-02-2021,3
1924951,05-02-2021,1
1919696,03-02-2021,2
1917918,02-02-2021,3
1917909,02-02-2021,1
1914798,29-01-2021,3
1913708,27-01-2021,4
2484083,18-12-2022,3
1905423,18-01-2021,4
1893877,03-01-2021,2
1891720,01-01-2021,4
2489124,27-12-2022,2
2485011,19-12-2022,5
2539515,05-03-2023,4
2483188,16-12-2022,2
2467743,24-11-2022,4
2466835,23-11-2022,4
2464943,20-11-2022,1
2464352,19-11-2022,3
2458676,13-11-2022,5
2459150,13-11-2022,2
2459259,12-11-2022,3
2455710,07-11-2022,4
2452798,04-11-2022,0
2448361,30-10-2022,2
2447217,27-10-2022,0
2443257,22-10-2022,6
2443287,22-10-2022,4
2450590,21-10-2022,3
2444683,21-10-2022,0
2438461,16-10-2022,8
2438154,15-10-2022,6
2438494,15-10-2022,4
2438723,15-10-2022,7
2434247,09-10-2022,0
2439284,09-10-2022,0
2434326,09-10-2022,3
2433352,08-10-2022,3
2428456,30-09-2022,5
2426627,29-09-2022,1
2426382,28-09-2022,5
2426061,27-09-2022,4
2570789,12-04-2023,5
2423747,25-09-2022,4
2423338,25-09-2022,3
2423331,24-09-2022,3
2424602,23-09-2022,4
2420637,20-09-2022,3
2417293,17-09-2022,5
2415614,14-09-2022,5
2412164,11-09-2022,5
2411801,10-09-2022,2
2410446,09-09-2022,0
2406998,05-09-2022,2
2406656,04-09-2022,4
2405689,03-09-2022,5
2405866,03-09-2022,4
2399774,28-08-2022,4
2400434,28-08-2022,2
2399000,27-08-2022,3
2397504,25-08-2022,4
2398004,25-08-2022,2
2398608,16-08-2022,4
2387010,13-08-2022,4
2328482,11-06-2022,7
2383958,10-08-2022,3
2379020,04-08-2022,0
2375725,01-08-2022,3
2373692,30-07-2022,5
2373859,30-07-2022,4
2371416,27-07-2022,3
2367289,23-07-2022,4
2363589,19-07-2022,4
2362595,17-07-2022,5
2362011,17-07-2022,2
2362215,17-07-2022,3
2362562,17-07-2022,2
2544920,11-03-2023,3
2356705,10-07-2022,4
2355580,10-07-2022,2
2356813,10-07-2022,3
2355962,09-07-2022,4
2352349,06-07-2022,4
2352342,05-07-2022,4
2348384,04-07-2022,30
2347373,03-07-2022,4
2348303,03-07-2022,4
2347060,02-07-2022,4
2347297,02-07-2022,6
2345144,30-06-2022,5
2340458,26-06-2022,6
2340720,26-06-2022,7
2340696,26-06-2022,5
2335872,20-06-2022,5
2328532,12-06-2022,4
2360288,11-06-2022,5
2325498,09-06-2022,3
2325328,08-06-2022,4
2322804,05-06-2022,5
2513517,28-01-2023,2
2321193,04-06-2022,4
2321593,04-06-2022,7
2320361,03-06-2022,5
2319567,02-06-2022,0
2315150,29-05-2022,7
2315417,28-05-2022,4
2313970,27-05-2022,1
2310278,24-05-2022,17
2308096,21-05-2022,3
2307631,20-05-2022,3
2302847,15-05-2022,5
2354757,13-05-2022,5
2299176,10-05-2022,3
2297261,08-05-2022,3
2294515,03-05-2022,4
2292452,01-05-2022,6
2291534,29-04-2022,4
2288842,27-04-2022,0
2574091,16-04-2023,5
2286061,24-04-2022,4
2285267,21-04-2022,0
2283535,20-04-2022,0
2280875,17-04-2022,9
2282256,17-04-2022,5
2281410,16-04-2022,6
2275283,10-04-2022,5
2268723,02-04-2022,3
2264094,26-03-2022,3
2257739,19-03-2022,26
2257674,19-03-2022,4
2253654,12-03-2022,3
2248066,06-03-2022,4
2247622,06-03-2022,3
2237593,19-02-2022,14
2237196,19-02-2022,7
2232287,12-02-2022,4
2228979,06-02-2022,5
2227058,05-02-2022,0
2202976,02-01-2022,2
2227187,05-02-2022,3
2227035,04-02-2022,4
2225493,02-02-2022,4
2222953,30-01-2022,4
2212018,15-01-2022,5
2211746,14-01-2022,6
2201876,01-01-2022,5
2585718,30-04-2023,0
2584930,30-04-2023,5
2584711,29-04-2023,4
2579179,23-04-2023,11
2575621,18-04-2023,3
2574324,16-04-2023,4
2572960,15-04-2023,3
2572997,15-04-2023,3
2566705,07-04-2023,5
2555123,26-03-2023,4
2553878,25-03-2023,10
2555579,25-03-2023,5
2539582,05-03-2023,1
2536665,01-03-2023,0
2534995,27-02-2023,1
2534393,25-02-2023,4
2533920,24-02-2023,4
2527517,17-02-2023,0
2523928,12-02-2023,5
2521084,08-02-2023,4
2518456,05-02-2023,4
2518281,05-02-2023,3
2517797,04-02-2023,2
2516309,01-02-2023,4
2510365,24-01-2023,1
2509663,23-01-2023,1
2508683,22-01-2023,4
2507836,21-01-2023,9
2503345,16-01-2023,0
2503649,16-01-2023,7
2495648,04-01-2023,0
2495059,04-01-2023,4
