Incident ID,Incident Date,# Killed
271363,29-12-2014,0
191416,15-09-2014,0
175767,13-08-2014,0
172304,10-08-2014,2
152468,29-06-2014,1
140185,23-05-2014,1
125028,12-04-2014,1
123008,07-04-2014,0
105010,06-02-2014,0
476321,31-12-2015,0
451495,22-11-2015,0
432711,18-10-2015,0
402108,25-08-2015,1
382170,26-07-2015,0
364210,25-06-2015,0
352779,05-06-2015,1
346725,26-05-2015,2
711597,27-11-2016,1
710467,25-11-2016,0
669777,04-10-2016,3
653077,11-09-2016,1
563829,22-05-2016,0
986092,11-11-2017,1
944448,28-09-2017,1
930266,10-09-2017,1
863075,08-06-2017,0
858719,03-06-2017,3
772067,10-02-2017,1
1174190,28-07-2018,3
1172333,25-07-2018,0
1105061,01-05-2018,0
1097700,22-04-2018,2
1084847,04-04-2018,2
1049024,13-02-2018,2
1579266,24-12-2019,0
1567231,08-12-2019,1
1561966,01-12-2019,2
1561734,01-12-2019,0
1509411,21-09-2019,0
1508859,20-09-2019,1
1393960,13-05-2019,0
1329075,17-02-2019,1
1864177,28-11-2020,0
1859186,22-11-2020,1
1845477,06-11-2020,2
1828796,19-10-2020,1
1791482,10-09-2020,3
1788168,07-09-2020,0
1705346,14-06-2020,2
1622340,15-02-2020,0
2135666,07-10-2021,1
2134359,06-10-2021,2
2085542,08-08-2021,0
2079920,01-08-2021,1
2079913,01-08-2021,0
2026257,05-06-2021,0
1992534,01-05-2021,2
1985432,24-04-2021,0
1955948,18-03-2021,0
1894822,04-01-2021,0
2488209,26-12-2022,2
2477404,08-12-2022,0
2468894,27-11-2022,0
2442632,21-10-2022,1
2369720,25-07-2022,0
2328117,12-06-2022,0
2307813,20-05-2022,1
2296037,06-05-2022,2
2290903,29-04-2022,0
2215256,19-01-2022,0
2566449,07-04-2023,0
2529243,19-02-2023,1
2521112,08-02-2023,2
2496431,05-01-2023,2
2494425,03-01-2023,0
269679,27-12-2014,1
218054,07-11-2014,0
185430,03-09-2014,0
152693,29-06-2014,1
149706,13-06-2014,3
173109,22-04-2014,1
96792,14-01-2014,0
464665,13-12-2015,1
395694,15-08-2015,0
355644,10-06-2015,1
717873,03-12-2016,0
689009,29-10-2016,0
676663,15-10-2016,4
629663,13-08-2016,0
624156,07-08-2016,1
595557,05-07-2016,0
591975,28-06-2016,1
537820,10-04-2016,0
501267,06-02-2016,1
491312,23-01-2016,2
894504,19-07-2017,1
858877,02-06-2017,1
1244424,30-10-2018,0
1174527,28-07-2018,2
1156528,05-07-2018,3
1114725,13-05-2018,2
1037541,27-01-2018,0
1556633,24-11-2019,0
1555879,23-11-2019,0
1485548,22-08-2019,0
1439737,04-07-2019,0
1395560,14-05-2019,0
1381734,27-04-2019,0
1369109,11-04-2019,1
1812972,02-10-2020,0
1689555,26-05-2020,0
1652734,05-04-2020,1
2201216,31-12-2021,0
2124887,24-09-2021,0
2101199,27-08-2021,0
2094035,18-08-2021,0
2058421,09-07-2021,0
1999909,09-05-2021,1
2414858,14-09-2022,0
2410269,08-09-2022,0
2399839,28-08-2022,0
2366273,21-07-2022,0
2328374,12-06-2022,3
2207931,09-01-2022,2
2539082,04-03-2023,0
2516494,01-02-2023,0
270036,27-12-2014,0
158387,13-07-2014,1
141792,01-06-2014,0
156823,10-05-2014,1
455684,27-11-2015,2
295871,20-02-2015,0
724667,12-12-2016,1
699033,12-11-2016,1
672217,09-10-2016,1
626960,10-08-2016,1
568745,30-05-2016,0
921733,27-08-2017,1
912322,13-08-2017,0
832290,29-04-2017,0
787801,04-03-2017,0
1398876,17-05-2019,1
1839628,31-10-2020,0
1813583,03-10-2020,1
1773194,24-08-2020,1
1702372,10-06-2020,1
1698868,06-06-2020,1
2154873,30-10-2021,2
2065634,16-07-2021,2
2458933,12-11-2022,0
2348230,04-07-2022,1
2281164,17-04-2022,1
2269082,03-04-2022,6
2243861,28-02-2022,5
2539814,06-03-2023,3
269167,26-12-2014,1
268598,24-12-2014,1
227011,02-12-2014,1
197287,27-09-2014,0
168786,03-08-2014,0
165089,27-07-2014,0
155412,06-07-2014,0
153648,29-06-2014,0
389149,04-08-2015,1
382230,22-07-2015,0
374292,14-07-2015,0
357611,14-06-2015,0
355267,09-06-2015,1
346179,24-05-2015,0
491864,07-03-2015,0
640689,28-08-2016,2
617712,30-07-2016,0
602765,13-07-2016,2
920513,24-08-2017,4
912093,12-08-2017,1
875886,25-06-2017,1
870095,18-06-2017,3
858810,03-06-2017,2
857443,01-06-2017,3
802240,24-03-2017,1
1260525,21-11-2018,0
1232018,13-10-2018,0
1194057,22-08-2018,0
1184992,10-08-2018,0
1155567,03-07-2018,1
1113737,11-05-2018,0
1111950,09-05-2018,0
1100852,25-04-2018,3
1040815,31-01-2018,0
1520547,05-10-2019,0
1517804,01-10-2019,0
1504030,14-09-2019,1
1486675,23-08-2019,1
1472641,07-08-2019,3
1441613,07-07-2019,0
1441721,06-07-2019,5
1407941,27-05-2019,2
1394330,13-05-2019,4
1392313,10-05-2019,0
1386510,04-05-2019,1
1806368,26-09-2020,0
1786890,06-09-2020,1
1754640,04-08-2020,1
1749746,29-07-2020,3
1704116,13-06-2020,2
1694735,01-06-2020,0
1687219,24-05-2020,0
1676121,09-05-2020,0
1642826,20-03-2020,0
1585894,01-01-2020,3
2143113,17-10-2021,1
2121031,20-09-2021,1
2111895,08-09-2021,0
2041726,21-06-2021,3
2026802,06-06-2021,0
2021398,31-05-2021,0
2019384,29-05-2021,1
2443879,24-10-2022,3
2407739,05-09-2022,1
2385846,12-08-2022,1
2299793,11-05-2022,1
2222557,29-01-2022,3
2528774,18-02-2023,0
267792,23-12-2014,1
268282,22-12-2014,1
206303,16-10-2014,1
201052,05-10-2014,1
189562,11-09-2014,1
181947,27-08-2014,1
157018,26-06-2014,2
138567,24-05-2014,0
96185,13-01-2014,0
391219,09-08-2015,1
374965,15-07-2015,0
365391,28-06-2015,0
364789,27-06-2015,0
361212,20-06-2015,1
336622,07-05-2015,0
299344,01-03-2015,1
605367,17-07-2016,0
555873,06-05-2016,1
542259,16-04-2016,1
520767,11-03-2016,2
513549,28-02-2016,0
999969,02-12-2017,0
998843,30-11-2017,1
936028,17-09-2017,1
803460,25-03-2017,1
797125,18-03-2017,3
1244754,31-10-2018,1
1184206,10-08-2018,0
1057518,26-02-2018,5
1047761,11-02-2018,4
1545955,09-11-2019,0
1540240,02-11-2019,1
1536706,27-10-2019,0
1404580,25-05-2019,3
1812049,01-10-2020,0
1807325,28-09-2020,0
1774123,24-08-2020,0
1750250,29-07-2020,0
1739920,19-07-2020,1
1739917,19-07-2020,4
1725571,05-07-2020,2
1724231,04-07-2020,2
1711876,20-06-2020,0
1655674,08-04-2020,0
2182789,05-12-2021,2
2114481,12-09-2021,2
2092227,16-08-2021,1
2074353,25-07-2021,0
2060949,13-07-2021,1
2030720,10-06-2021,1
1998537,08-05-2021,0
1981521,18-04-2021,1
1979684,16-04-2021,0
1970245,06-04-2021,1
1959549,22-03-2021,1
2477622,08-12-2022,0
2412198,11-09-2022,0
2400026,28-08-2022,3
2380361,06-08-2022,1
2380869,06-08-2022,1
2374337,31-07-2022,2
2361849,17-07-2022,0
2354825,08-07-2022,0
2334936,19-06-2022,1
2327598,11-06-2022,0
2297823,09-05-2022,0
2571648,13-04-2023,0
2534097,26-02-2023,2
282186,22-12-2014,4
267721,22-12-2014,0
222792,19-11-2014,1
180018,24-08-2014,1
163874,25-07-2014,1
160488,19-07-2014,0
157580,11-07-2014,1
142822,04-06-2014,1
142076,02-06-2014,0
141382,01-06-2014,1
134591,12-05-2014,0
131697,04-05-2014,1
130933,30-04-2014,0
127413,20-04-2014,0
122136,05-04-2014,1
113214,08-03-2014,0
104218,05-02-2014,1
100434,25-01-2014,1
451349,22-11-2015,0
422064,28-09-2015,3
422035,28-09-2015,2
421358,27-09-2015,0
419718,24-09-2015,0
416872,20-09-2015,1
409856,08-09-2015,0
402113,26-08-2015,2
395757,16-08-2015,0
385824,02-08-2015,1
401742,02-08-2015,0
376211,17-07-2015,0
353037,06-06-2015,0
348620,28-05-2015,0
303659,09-03-2015,1
734157,25-12-2016,3
732574,23-12-2016,0
727555,16-12-2016,0
727544,16-12-2016,2
710732,26-11-2016,1
704568,18-11-2016,0
697377,09-11-2016,1
693290,05-11-2016,0
692020,03-11-2016,2
676376,14-10-2016,1
675993,13-10-2016,0
648884,05-09-2016,2
646855,03-09-2016,0
623439,07-08-2016,0
615024,28-07-2016,2
609402,21-07-2016,0
592724,30-06-2016,1
591294,28-06-2016,0
587983,25-06-2016,0
586058,22-06-2016,0
583362,18-06-2016,0
580279,13-06-2016,0
569225,31-05-2016,0
557479,11-05-2016,0
544080,19-04-2016,1
543132,19-04-2016,1
535927,07-04-2016,0
528614,25-03-2016,0
526380,21-03-2016,0
481900,08-01-2016,1
1017422,31-12-2017,0
1002514,06-12-2017,0
953156,06-10-2017,0
933957,15-09-2017,4
928380,06-09-2017,0
925436,02-09-2017,1
918204,22-08-2017,0
916848,20-08-2017,2
909423,08-08-2017,1
903853,01-08-2017,0
900387,27-07-2017,1
896444,23-07-2017,1
891092,15-07-2017,0
877295,27-06-2017,0
869877,18-06-2017,0
869838,17-06-2017,0
864743,11-06-2017,0
838272,07-05-2017,2
814094,07-04-2017,1
809978,02-04-2017,2
807618,30-03-2017,4
791298,10-03-2017,2
789798,07-03-2017,0
775531,15-02-2017,3
772753,11-02-2017,1
760259,25-01-2017,0
748348,11-01-2017,1
1240751,24-10-2018,0
1238603,22-10-2018,0
1221758,01-10-2018,2
1213836,19-09-2018,0
1208397,11-09-2018,0
1191279,19-08-2018,0
1189717,17-08-2018,0
1179935,05-08-2018,1
1179619,05-08-2018,1
1179607,05-08-2018,0
1179677,05-08-2018,0
1179644,05-08-2018,0
1179805,04-08-2018,1
1175571,30-07-2018,0
1173637,27-07-2018,0
1170482,23-07-2018,0
1169103,21-07-2018,2
1153997,01-07-2018,0
1149910,25-06-2018,0
1147720,23-06-2018,1
1146547,21-06-2018,0
1143558,18-06-2018,2
1143524,17-06-2018,0
1137473,10-06-2018,1
1131909,03-06-2018,1
1106451,02-05-2018,1
1031851,21-01-2018,0
1577518,22-12-2019,0
1525476,12-10-2019,5
1511999,24-09-2019,1
1507156,18-09-2019,3
1501350,10-09-2019,0
1495141,02-09-2019,0
1493038,31-08-2019,2
1487573,25-08-2019,1
1475924,11-08-2019,0
1475208,09-08-2019,0
1468190,04-08-2019,1
1468091,04-08-2019,0
1460726,28-07-2019,0
1453327,21-07-2019,0
1452617,20-07-2019,0
1450767,18-07-2019,1
1447456,14-07-2019,0
1446611,13-07-2019,1
1441396,07-07-2019,0
1441296,07-07-2019,0
1439593,05-07-2019,0
1438971,04-07-2019,1
1434931,29-06-2019,0
1427483,21-06-2019,0
1417570,08-06-2019,0
1416374,06-06-2019,1
1411598,01-06-2019,0
1412243,01-06-2019,0
1364540,06-04-2019,0
1359455,31-03-2019,1
1338765,03-03-2019,0
1318391,03-02-2019,2
1305516,19-01-2019,0
1881213,19-12-2020,0
1869748,04-12-2020,0
1858455,22-11-2020,1
1857439,21-11-2020,0
1853615,16-11-2020,0
1854076,16-11-2020,0
1839065,30-10-2020,1
1828080,18-10-2020,1
1820156,10-10-2020,1
1805722,26-09-2020,0
1799748,19-09-2020,0
1799703,19-09-2020,0
1796638,15-09-2020,0
1794086,13-09-2020,1
1792650,12-09-2020,2
1786920,06-09-2020,0
1779718,30-08-2020,1
1773006,23-08-2020,0
1769489,19-08-2020,0
1756248,05-08-2020,0
1752100,01-08-2020,1
1747700,27-07-2020,1
1744332,23-07-2020,2
1741838,21-07-2020,0
1740615,20-07-2020,0
1740013,19-07-2020,2
1738635,18-07-2020,1
1733188,12-07-2020,1
1732229,12-07-2020,1
1727567,06-07-2020,0
1725883,05-07-2020,0
1725145,05-07-2020,1
1725098,04-07-2020,1
1725081,04-07-2020,4
1720761,30-06-2020,0
1718966,27-06-2020,2
1714504,23-06-2020,0
1712408,22-06-2020,0
1712386,22-06-2020,0
1711487,21-06-2020,1
1708432,17-06-2020,0
1706710,15-06-2020,0
1698987,07-06-2020,1
1699667,07-06-2020,0
1695645,02-06-2020,0
1688917,26-05-2020,2
1686685,23-05-2020,1
1671078,03-05-2020,0
1654341,07-04-2020,1
1635411,07-03-2020,0
1629042,25-02-2020,1
1621821,14-02-2020,0
1598447,16-01-2020,0
2168989,17-11-2021,0
2148282,22-10-2021,0
2137179,10-10-2021,1
2134657,07-10-2021,0
2128682,29-09-2021,0
2127374,28-09-2021,1
2126450,27-09-2021,1
2125790,26-09-2021,0
2119609,19-09-2021,0
2113623,11-09-2021,1
2113841,11-09-2021,2
2107476,04-09-2021,0
2102694,28-08-2021,0
2098246,23-08-2021,0
2097075,22-08-2021,1
2096687,21-08-2021,0
2097063,21-08-2021,1
2095116,19-08-2021,0
2091489,15-08-2021,0
2085388,08-08-2021,1
2085401,08-08-2021,1
2085071,07-08-2021,0
2078897,31-07-2021,1
2073472,25-07-2021,0
2070329,21-07-2021,0
2070645,21-07-2021,0
2070310,21-07-2021,2
2068061,19-07-2021,0
2066189,17-07-2021,0
2065118,16-07-2021,1
2062097,14-07-2021,0
2062359,14-07-2021,0
2053048,05-07-2021,2
2052346,03-07-2021,0
2050593,01-07-2021,0
2049419,30-06-2021,0
2046714,27-06-2021,1
2046897,27-06-2021,1
2045579,26-06-2021,1
2045564,25-06-2021,0
2043898,23-06-2021,0
2043715,23-06-2021,0
2036121,15-06-2021,0
2035452,15-06-2021,5
2032203,12-06-2021,1
2030708,10-06-2021,1
2026112,06-06-2021,0
2020535,30-05-2021,0
2015849,26-05-2021,1
2012971,23-05-2021,0
2004666,15-05-2021,2
1996236,05-05-2021,0
1993280,02-05-2021,0
1978652,15-04-2021,0
1970378,05-04-2021,0
1964085,28-03-2021,0
1963052,27-03-2021,0
1961753,26-03-2021,1
1952662,14-03-2021,0
1952281,14-03-2021,2
2482288,16-12-2022,2
2478664,11-12-2022,3
2468325,26-11-2022,2
2453865,06-11-2022,1
2453892,06-11-2022,0
2452501,03-11-2022,0
2449653,31-10-2022,1
2443849,24-10-2022,1
2443194,23-10-2022,3
2421430,22-09-2022,0
2414080,13-09-2022,2
2406651,04-09-2022,2
2396803,24-08-2022,0
2392698,20-08-2022,0
2392494,19-08-2022,1
2391779,19-08-2022,0
2390519,17-08-2022,0
2386871,14-08-2022,1
2368018,23-07-2022,0
2367176,23-07-2022,0
2359843,14-07-2022,0
2355438,10-07-2022,0
2353847,07-07-2022,0
2352444,06-07-2022,0
2348204,04-07-2022,0
2346422,01-07-2022,0
2345410,01-07-2022,2
2338902,23-06-2022,1
2333667,17-06-2022,0
2327645,11-06-2022,1
2324475,07-06-2022,0
2324496,07-06-2022,0
2315892,29-05-2022,1
2315074,29-05-2022,0
2307044,19-05-2022,2
2299660,11-05-2022,0
2298836,10-05-2022,1
2299407,10-05-2022,0
2288928,27-04-2022,0
2285772,23-04-2022,2
2259413,21-03-2022,2
2256398,17-03-2022,0
2252873,13-03-2022,0
2209840,12-01-2022,0
2549452,18-03-2023,0
2529381,19-02-2023,3
2509362,23-01-2023,2
2492601,01-01-2023,1
266570,21-12-2014,2
268910,21-12-2014,1
1577046,20-12-2019,1
266424,21-12-2014,1
433146,19-10-2015,0
266407,20-12-2014,4
124131,09-04-2014,0
382459,27-07-2015,0
278927,13-01-2015,2
676686,15-10-2016,1
1062466,04-03-2018,1
1440765,04-07-2019,0
1886974,26-12-2020,3
1772764,22-08-2020,1
1767747,18-08-2020,0
1679086,13-05-2020,1
1639413,13-03-2020,0
2133962,05-10-2021,1
2367157,23-07-2022,2
2503058,15-01-2023,3
264901,16-12-2014,0
1167806,20-07-2018,0
263556,15-12-2014,7
263376,14-12-2014,1
221577,15-11-2014,1
197384,28-09-2014,0
156125,06-07-2014,2
150299,24-06-2014,2
104721,07-02-2014,0
468787,19-12-2015,1
342589,18-05-2015,1
274867,06-01-2015,1
659289,17-09-2016,0
652175,10-09-2016,1
640203,27-08-2016,2
617789,31-07-2016,3
554027,05-05-2016,1
547827,25-04-2016,0
1015336,26-12-2017,0
952220,03-10-2017,0
852676,26-05-2017,0
829073,26-04-2017,0
752222,16-01-2017,0
739766,01-01-2017,0
1277327,15-12-2018,0
1267682,01-12-2018,0
1262013,23-11-2018,2
1087021,08-04-2018,2
1062123,03-03-2018,0
1370795,14-04-2019,2
1306920,20-01-2019,0
1886849,26-12-2020,1
1854149,16-11-2020,0
1832014,22-10-2020,1
1785358,03-09-2020,1
1746160,25-07-2020,1
2119701,19-09-2021,0
2018931,28-05-2021,1
1990600,28-04-2021,0
1899819,11-01-2021,0
1893754,03-01-2021,0
1893744,03-01-2021,0
2434128,09-10-2022,1
2377529,03-08-2022,0
2373111,29-07-2022,0
2334512,19-06-2022,0
2296224,07-05-2022,0
2281483,17-04-2022,1
2274296,09-04-2022,0
2235366,16-02-2022,1
2214013,18-01-2022,1
263382,13-12-2014,0
127381,20-04-2014,2
310573,21-03-2015,0
508341,20-02-2016,1
500556,06-02-2016,2
965066,21-10-2017,0
809048,01-04-2017,1
1523606,10-10-2019,2
1886913,26-12-2020,2
1850981,12-11-2020,2
1849308,10-11-2020,1
1793559,13-09-2020,0
1750611,30-07-2020,0
2190367,12-12-2021,0
1953202,14-03-2021,0
1894979,04-01-2021,0
2433539,09-10-2022,1
2352780,06-07-2022,0
262202,12-12-2014,0
154971,05-07-2014,1
521821,12-03-2016,0
1399820,19-05-2019,0
1777607,27-08-2020,1
2098321,22-08-2021,0
2087433,10-08-2021,2
2065252,17-07-2021,1
2432772,07-10-2022,0
2281541,17-04-2022,1
2238403,20-02-2022,1
2237697,19-02-2022,1
2546495,15-03-2023,2
259935,07-12-2014,0
334033,03-05-2015,0
777410,18-02-2017,1
1067061,11-03-2018,0
1429047,23-06-2019,1
2374750,31-07-2022,0
2201848,01-01-2022,0
226983,02-12-2014,0
783963,27-02-2017,0
226534,30-11-2014,0
375022,16-07-2015,6
275064,07-01-2015,1
594480,03-07-2016,0
864852,11-06-2017,0
1164110,15-07-2018,0
2126241,25-09-2021,2
2321532,05-06-2022,2
2314991,28-05-2022,0
226388,30-11-2014,0
207687,18-10-2014,0
115012,14-03-2014,0
403069,28-08-2015,1
387194,03-08-2015,0
385779,02-08-2015,0
358117,15-06-2015,0
330611,27-04-2015,2
723649,11-12-2016,0
671717,08-10-2016,0
613805,23-07-2016,0
595166,04-07-2016,0
579786,13-06-2016,0
572513,05-06-2016,0
962155,17-10-2017,0
916808,20-08-2017,0
1156480,05-07-2018,0
1106432,02-05-2018,1
1061748,03-03-2018,1
1525062,12-10-2019,4
1469344,05-08-2019,0
1459718,27-07-2019,1
1440257,05-07-2019,0
1321021,06-02-2019,1
1876039,12-12-2020,0
1859390,22-11-2020,1
1830875,21-10-2020,1
1817184,07-10-2020,1
1787655,07-09-2020,0
1772513,23-08-2020,1
1766574,17-08-2020,0
1735326,15-07-2020,1
1733702,13-07-2020,0
1732993,12-07-2020,1
1718238,27-06-2020,0
1713790,22-06-2020,0
1700371,08-06-2020,0
1652642,05-04-2020,0
1586839,02-01-2020,0
2196839,24-12-2021,0
2147114,21-10-2021,0
2093581,17-08-2021,0
2092469,16-08-2021,0
2090949,14-08-2021,0
2085396,08-08-2021,3
2021130,31-05-2021,0
1952151,13-03-2021,0
2404930,02-09-2022,0
2399576,27-08-2022,1
2362141,17-07-2022,0
2355398,10-07-2022,0
2340297,25-06-2022,0
2276339,12-04-2022,0
2210480,13-01-2022,1
2543748,11-03-2023,1
2522649,10-02-2023,0
226150,29-11-2014,1
98836,21-01-2014,2
414580,15-09-2015,0
337767,10-05-2015,1
308839,18-03-2015,1
564470,23-05-2016,0
917793,21-08-2017,0
918061,21-08-2017,1
880808,01-07-2017,2
830984,27-04-2017,1
748152,11-01-2017,1
1552068,18-11-2019,1
1425193,18-06-2019,1
1313291,26-01-2019,1
1837429,28-10-2020,1
1762951,12-08-2020,1
1753561,02-08-2020,0
2176667,27-11-2021,1
2040013,19-06-2021,0
1999423,09-05-2021,0
2362282,17-07-2022,0
2344954,30-06-2022,0
2573200,15-04-2023,1
2512343,26-01-2023,1
225903,29-11-2014,3
205298,13-10-2014,0
204477,12-10-2014,1
202981,08-10-2014,0
169326,04-08-2014,0
142818,03-06-2014,1
134823,13-05-2014,0
374602,15-07-2015,0
306897,14-03-2015,0
644723,30-08-2016,0
588867,26-06-2016,1
559042,14-05-2016,0
523044,15-03-2016,0
986816,12-11-2017,2
873847,22-06-2017,1
818932,13-04-2017,1
757001,22-01-2017,3
1234087,16-10-2018,0
1155906,04-07-2018,1
1484335,20-08-2019,0
1448578,15-07-2019,0
1434971,28-06-2019,0
1432989,27-06-2019,0
1411963,01-06-2019,0
1360333,31-03-2019,1
1821496,11-10-2020,0
1814148,04-10-2020,1
1744407,24-07-2020,2
1725690,05-07-2020,2
1725670,04-07-2020,0
1720781,30-06-2020,1
1704580,13-06-2020,2
1648205,29-03-2020,0
1588919,05-01-2020,0
2139198,11-10-2021,0
2109075,06-09-2021,0
2005776,16-05-2021,0
1990821,29-04-2021,1
1982260,19-04-2021,0
1926701,10-02-2021,0
2483489,17-12-2022,2
2468745,26-11-2022,2
2468162,25-11-2022,1
2438505,16-10-2022,0
2381321,07-08-2022,2
2368029,24-07-2022,0
2362912,18-07-2022,0
2291618,30-04-2022,1
2285860,23-04-2022,0
2247025,05-03-2022,0
2222383,29-01-2022,1
2564074,03-04-2023,1
225830,28-11-2014,0
212884,29-10-2014,0
201648,04-10-2014,2
178425,20-08-2014,0
174560,14-08-2014,1
162008,21-07-2014,0
150344,21-06-2014,0
134238,11-05-2014,0
128871,25-04-2014,2
428215,10-10-2015,0
404167,30-08-2015,1
272016,01-01-2015,0
696352,09-11-2016,0
691113,01-11-2016,1
621232,04-08-2016,0
537311,09-04-2016,0
481429,07-01-2016,1
1000479,03-12-2017,1
946138,30-09-2017,1
942522,26-09-2017,0
932526,13-09-2017,1
917838,21-08-2017,0
865186,10-06-2017,0
765559,31-01-2017,0
756504,21-01-2017,2
1242807,27-10-2018,0
1217150,24-09-2018,3
1212567,18-09-2018,0
1206828,10-09-2018,0
1192788,21-08-2018,0
1162687,12-07-2018,0
1159528,08-07-2018,0
1109322,06-05-2018,2
1051407,17-02-2018,0
1546038,10-11-2019,1
1468799,04-08-2019,1
1424957,17-06-2019,0
1376873,20-04-2019,0
1865110,29-11-2020,2
1787977,06-09-2020,0
1700250,08-06-2020,0
1690922,28-05-2020,0
1679356,13-05-2020,0
1674299,06-05-2020,2
1665834,25-04-2020,0
1622233,15-02-2020,0
1600221,19-01-2020,1
2181840,03-12-2021,2
2047170,27-06-2021,3
2028745,08-06-2021,1
1974088,10-04-2021,1
1962890,26-03-2021,3
1919399,03-02-2021,1
2491054,30-12-2022,1
2482711,16-12-2022,0
2459156,12-11-2022,0
2448898,30-10-2022,1
2408990,07-09-2022,3
2393758,21-08-2022,1
2388884,16-08-2022,0
2314951,28-05-2022,0
2559838,29-03-2023,2
2541580,07-03-2023,0
2540078,06-03-2023,3
2534810,27-02-2023,2
2534174,26-02-2023,1
2528713,19-02-2023,1
226018,27-11-2014,2
225036,26-11-2014,0
216533,05-11-2014,0
117914,23-03-2014,0
276459,09-01-2015,4
679290,18-10-2016,0
665995,29-09-2016,1
974411,27-10-2017,0
956942,10-10-2017,0
866933,14-06-2017,4
1186061,11-08-2018,1
1096388,20-04-2018,1
1074886,21-03-2018,1
1476271,10-08-2019,0
1353714,23-03-2019,1
1826675,16-10-2020,1
1713075,22-06-2020,0
1928557,13-02-2021,0
2269745,03-04-2022,2
2497164,06-01-2023,1
224362,23-11-2014,0
224131,23-11-2014,1
443652,07-11-2015,1
409601,07-09-2015,0
571859,04-06-2016,3
546818,24-04-2016,0
529488,25-03-2016,0
1258777,19-11-2018,1
1164167,15-07-2018,0
1520499,06-10-2019,0
1343274,10-03-2019,1
1766380,16-08-2020,2
1759873,09-08-2020,0
1751949,01-08-2020,1
1746430,25-07-2020,2
1697541,05-06-2020,0
2198521,27-12-2021,6
2137464,09-10-2021,1
2097494,22-08-2021,1
2450360,01-11-2022,1
2438121,15-10-2022,1
2399670,28-08-2022,1
2349545,04-07-2022,1
2328342,12-06-2022,2
2201677,01-01-2022,2
2498792,09-01-2023,0
223651,22-11-2014,4
375412,15-07-2015,0
370187,07-07-2015,1
350163,31-05-2015,3
337855,10-05-2015,1
604275,16-07-2016,0
596159,04-07-2016,0
995015,24-11-2017,1
916551,19-08-2017,1
803689,26-03-2017,2
802837,25-03-2017,2
780036,21-02-2017,0
778941,20-02-2017,0
769889,08-02-2017,1
1289686,31-12-2018,3
1201135,01-09-2018,1
1192036,20-08-2018,1
1172224,26-07-2018,1
1551162,17-11-2019,0
1512486,21-09-2019,4
1418533,09-06-2019,1
1397521,16-05-2019,0
1768683,17-08-2020,0
1690524,27-05-2020,1
1686015,22-05-2020,1
1635750,07-03-2020,1
1585746,01-01-2020,0
2136132,06-10-2021,0
2135659,06-10-2021,0
2116205,14-09-2021,0
2081480,31-07-2021,0
2054233,04-07-2021,0
2032486,12-06-2021,3
2027736,07-06-2021,0
2027725,06-06-2021,0
1963556,28-03-2021,0
2441540,20-10-2022,0
2406862,05-09-2022,1
2388144,13-08-2022,1
2373607,29-07-2022,1
2311123,23-05-2022,0
2265029,26-03-2022,0
2501869,13-01-2023,4
223799,22-11-2014,4
223729,22-11-2014,1
2058837,10-07-2021,1
2022391,02-06-2021,0
2291578,01-05-2022,1
223582,21-11-2014,0
168307,02-08-2014,1
111095,01-03-2014,1
463734,11-12-2015,0
450505,20-11-2015,1
395837,15-08-2015,1
384662,30-07-2015,0
318125,05-04-2015,1
658226,18-09-2016,0
595048,04-07-2016,0
1001566,04-12-2017,2
1241819,27-10-2018,11
1185622,12-08-2018,0
2196267,24-12-2021,0
2107875,04-09-2021,0
2077587,29-07-2021,3
2447379,28-10-2022,0
2438482,15-10-2022,3
2381371,07-08-2022,1
2280711,17-04-2022,2
2525382,14-02-2023,0
222393,18-11-2014,0
1355275,25-03-2019,0
1840544,31-10-2020,0
2053508,04-07-2021,2
2281244,16-04-2022,0
221554,16-11-2014,1
603738,14-07-2016,1
1526952,13-10-2019,0
1432930,26-06-2019,1
2090971,14-08-2021,0
224746,16-11-2014,0
902187,30-07-2017,1
1530276,19-10-2019,1
1466705,03-08-2019,23
2183120,05-12-2021,1
2438904,16-10-2022,1
2367664,23-07-2022,0
2526362,15-02-2023,1
221347,15-11-2014,4
1283229,23-12-2018,1
1245274,01-11-2018,3
1640317,15-03-2020,5
2231921,11-02-2022,0
217831,08-11-2014,0
201502,04-10-2014,0
217401,07-11-2014,0
307512,15-03-2015,0
517073,06-03-2016,1
834788,29-04-2017,0
1221794,30-09-2018,1
1999307,08-05-2021,2
1946991,05-03-2021,1
211348,26-10-2014,4
210363,24-10-2014,5
209134,18-10-2014,0
193570,19-09-2014,0
175911,17-08-2014,0
92704,03-01-2014,1
207145,18-10-2014,1
205726,14-10-2014,3
204310,12-10-2014,3
106243,12-02-2014,1
373768,13-07-2015,1
308687,17-03-2015,3
285123,26-01-2015,1
577938,11-06-2016,1
563514,22-05-2016,1
1115051,13-05-2018,3
1406070,26-05-2019,1
1387245,04-05-2019,1
1371065,14-04-2019,0
1956001,17-03-2021,0
2280504,15-04-2022,2
2260129,22-03-2022,1
2518292,05-02-2023,1
204236,11-10-2014,0
2125613,25-09-2021,0
2114583,11-09-2021,1
204254,08-10-2014,4
201630,05-10-2014,3
107433,16-02-2014,1
471867,25-12-2015,0
446996,13-11-2015,4
441681,03-11-2015,2
699605,13-11-2016,3
628178,12-08-2016,1
624273,08-08-2016,0
965077,21-10-2017,0
898448,25-07-2017,1
834832,02-05-2017,1
833128,30-04-2017,0
783090,25-02-2017,1
1237930,21-10-2018,1
1206476,09-09-2018,0
1196028,26-08-2018,3
1134378,05-06-2018,3
1086773,06-04-2018,0
1515128,29-09-2019,0
1497180,04-09-2019,0
1305538,19-01-2019,3
1302060,16-01-2019,1
1810881,30-09-2020,0
1671624,03-05-2020,1
1641923,18-03-2020,1
2425839,27-09-2022,0
2250151,08-03-2022,1
198051,29-09-2014,1
2334620,19-06-2022,2
2269259,01-04-2022,0
198527,29-09-2014,0
449814,18-11-2015,0
346202,23-05-2015,2
722452,09-12-2016,0
668352,01-10-2016,0
608787,20-07-2016,0
579517,13-06-2016,0
987134,12-11-2017,0
904026,01-08-2017,0
802425,24-03-2017,1
756015,20-01-2017,0
1551531,17-11-2019,4
1439765,04-07-2019,1
1718292,26-06-2020,0
2188999,13-12-2021,0
2171568,20-11-2021,2
2405239,02-09-2022,2
2315338,28-05-2022,1
2228510,06-02-2022,2
2207435,09-01-2022,0
197416,28-09-2014,0
167649,01-08-2014,1
165856,28-07-2014,1
472268,26-12-2015,0
448286,15-11-2015,0
417284,20-09-2015,1
361948,22-06-2015,0
361198,20-06-2015,0
693307,04-11-2016,0
657854,18-09-2016,0
657023,16-09-2016,2
627757,11-08-2016,0
541996,17-04-2016,3
1011953,21-12-2017,1
984455,09-11-2017,0
942628,26-09-2017,1
1974755,24-09-2017,0
932619,13-09-2017,0
912805,13-08-2017,0
891291,15-07-2017,1
848292,20-05-2017,0
821055,15-04-2017,0
810756,03-04-2017,3
786876,03-03-2017,0
777876,18-02-2017,0
1276091,13-12-2018,0
1258804,19-11-2018,4
1223755,03-10-2018,1
1220331,28-09-2018,2
1194315,23-08-2018,0
1182717,08-08-2018,2
1165299,16-07-2018,1
1142145,14-06-2018,0
1137402,09-06-2018,1
1096232,21-04-2018,2
1034205,23-01-2018,0
1537992,30-10-2019,4
1525999,13-10-2019,0
1525408,12-10-2019,1
1524264,10-10-2019,0
1492264,31-08-2019,2
1479894,15-08-2019,0
1478869,14-08-2019,0
1460630,28-07-2019,1
1447057,13-07-2019,0
1429022,22-06-2019,0
1423697,16-06-2019,1
1391971,10-05-2019,0
1377519,21-04-2019,0
1824073,14-10-2020,0
1818055,08-10-2020,1
1809910,29-09-2020,0
1807046,26-09-2020,0
1806500,25-09-2020,0
1797620,16-09-2020,2
1793771,12-09-2020,0
1785108,03-09-2020,0
1783582,02-09-2020,2
1825993,31-08-2020,0
1784122,30-08-2020,0
1777400,26-08-2020,0
1769444,19-08-2020,0
1768125,18-08-2020,1
1765499,15-08-2020,0
1758838,08-08-2020,0
1753320,02-08-2020,0
1752019,31-07-2020,1
1719693,28-06-2020,2
1717543,25-06-2020,0
1703509,12-06-2020,0
1701426,09-06-2020,1
1693580,31-05-2020,0
1691440,28-05-2020,1
1689419,27-05-2020,0
1689252,26-05-2020,0
1850080,15-05-2020,0
1670970,02-05-2020,0
1659862,16-04-2020,0
1648832,30-03-2020,0
2200968,30-12-2021,0
2197328,26-12-2021,0
2188843,13-12-2021,0
2183667,06-12-2021,0
2177268,28-11-2021,0
2166673,14-11-2021,0
2162269,08-11-2021,0
2123301,23-09-2021,0
2120940,20-09-2021,1
2095087,19-08-2021,1
2088659,11-08-2021,1
2082957,04-08-2021,0
2065009,16-07-2021,1
2059404,10-07-2021,0
2051190,02-07-2021,1
2004413,14-05-2021,0
2002269,12-05-2021,1
1999417,09-05-2021,2
1993664,02-05-2021,1
1962507,26-03-2021,0
1957252,20-03-2021,1
1950471,11-03-2021,2
1931288,17-02-2021,0
1903058,15-01-2021,0
2466431,23-11-2022,0
2458727,13-11-2022,0
2453744,05-11-2022,0
2448287,30-10-2022,0
2437284,14-10-2022,0
2427999,01-10-2022,0
2425199,27-09-2022,1
2406852,05-09-2022,2
2396124,23-08-2022,2
2391042,17-08-2022,0
2389775,16-08-2022,0
2385789,12-08-2022,1
2361490,16-07-2022,0
2359229,14-07-2022,0
2358938,13-07-2022,0
2344201,29-06-2022,0
2338874,24-06-2022,2
2321266,04-06-2022,3
2315903,30-05-2022,2
2312678,25-05-2022,0
2306277,18-05-2022,0
2298519,10-05-2022,0
2281171,17-04-2022,0
2272394,06-04-2022,1
2236155,17-02-2022,0
2201629,01-01-2022,1
2583589,28-04-2023,3
2566162,06-04-2023,0
2564607,04-04-2023,1
2554779,26-03-2023,2
2532658,23-02-2023,0
2513527,28-01-2023,0
2499381,09-01-2023,3
198064,26-09-2014,1
1223865,03-10-2018,2
1856338,18-11-2020,0
2148921,23-10-2021,0
194945,21-09-2014,0
193960,20-09-2014,2
192851,18-09-2014,8
190874,14-09-2014,3
2172621,14-09-2014,3
588918,26-06-2016,0
1713493,21-06-2020,1
2518860,06-02-2023,1
190599,14-09-2014,0
1816799,07-10-2020,1
1656373,08-04-2020,0
2039457,19-06-2021,1
188332,06-09-2014,0
399883,22-08-2015,0
386937,01-08-2015,0
300660,01-03-2015,0
699316,13-11-2016,0
657136,17-09-2016,1
577157,12-06-2016,50
541987,16-04-2016,2
508510,20-02-2016,0
501233,07-02-2016,2
859875,05-06-2017,6
1220912,29-09-2018,1
1159820,09-07-2018,1
1138324,11-06-2018,6
1032393,21-01-2018,0
1825525,16-10-2020,3
1666327,25-04-2020,1
2187077,10-12-2021,0
2156175,01-11-2021,0
2112450,10-09-2021,0
1951681,13-03-2021,1
2452673,04-11-2022,4
2448015,29-10-2022,0
2377338,02-08-2022,5
2374430,31-07-2022,0
2568150,09-04-2023,3
2531512,22-02-2023,3
186488,06-09-2014,0
1143081,17-06-2018,1
1412430,01-06-2019,2
1862947,27-11-2020,1
1649473,31-03-2020,3
2072761,24-07-2021,2
2475546,06-12-2022,3
2370760,27-07-2022,2
2321500,04-06-2022,2
185393,04-09-2014,0
345749,24-05-2015,0
835961,04-05-2017,1
745236,07-01-2017,1
1099516,24-04-2018,0
1441565,07-07-2019,0
1746441,26-07-2020,1
1746582,25-07-2020,0
1687097,23-05-2020,1
2095800,20-08-2021,1
2086236,09-08-2021,2
1914942,28-01-2021,1
185196,02-09-2014,2
95146,11-01-2014,0
688429,28-10-2016,0
771826,09-02-2017,4
1381771,27-04-2019,1
1877122,10-12-2020,0
1760207,09-08-2020,0
1724219,04-07-2020,1
1687381,23-05-2020,1
1659966,15-04-2020,1
2143605,17-10-2021,3
2358053,11-07-2022,0
2291470,30-04-2022,1
2205024,04-01-2022,1
184507,02-09-2014,0
2161078,06-11-2021,0
2308017,20-05-2022,1
183432,31-08-2014,0
182974,29-08-2014,3
180007,24-08-2014,4
180580,24-08-2014,1
1348844,17-03-2019,0
2118451,17-09-2021,0
2003383,13-05-2021,2
2223019,30-01-2022,1
178006,18-08-2014,0
177770,17-08-2014,1
175943,17-08-2014,0
283115,23-01-2015,0
275986,08-01-2015,1
634889,21-08-2016,0
574753,08-06-2016,1
1004454,09-12-2017,0
1136928,09-06-2018,0
1440510,05-07-2019,0
1384553,01-05-2019,1
1831995,22-10-2020,0
1721669,30-06-2020,1
1690369,27-05-2020,1
2086148,09-08-2021,1
2065533,15-07-2021,0
2058950,10-07-2021,0
2358329,12-07-2022,0
2348163,04-07-2022,0
175839,17-08-2014,0
161063,20-07-2014,1
107403,15-02-2014,0
409101,05-09-2015,1
592207,29-06-2016,5
567788,29-05-2016,0
546581,23-04-2016,1
1015666,27-12-2017,2
946496,01-10-2017,59
1282704,22-12-2018,0
1233563,14-10-2018,3
1231385,12-10-2018,0
1179810,04-08-2018,0
1348793,17-03-2019,0
1780228,29-08-2020,2
2153285,28-10-2021,0
2102991,29-08-2021,1
2089972,13-08-2021,1
1910619,24-01-2021,0
2417863,18-09-2022,0
2246387,03-03-2022,1
2242153,26-02-2022,1
175788,16-08-2014,0
2026713,06-06-2021,1
175779,16-08-2014,1
1800188,19-09-2020,0
174544,13-08-2014,0
311922,23-03-2015,1
281663,20-01-2015,1
604175,16-07-2016,0
1813306,03-10-2020,0
173369,12-08-2014,1
155755,06-07-2014,0
353536,06-06-2015,1
334681,04-05-2015,1
980004,03-11-2017,0
901083,29-07-2017,1
1154558,02-07-2018,2
1141745,14-06-2018,1
1132050,02-06-2018,0
1582197,29-12-2019,1
1418548,09-06-2019,0
1800026,19-09-2020,1
1779981,30-08-2020,1
1711747,21-06-2020,0
2198071,26-12-2021,0
2055252,05-07-2021,1
2043465,23-06-2021,0
2454281,05-11-2022,0
2301751,14-05-2022,10
2269429,03-04-2022,0
2525634,14-02-2023,0
173628,12-08-2014,2
172205,10-08-2014,0
173786,08-08-2014,0
159291,13-07-2014,0
149954,21-06-2014,0
136163,17-05-2014,0
156828,14-04-2014,0
436240,25-10-2015,0
376823,17-07-2015,1
368867,04-07-2015,1
657634,17-09-2016,2
601512,11-07-2016,0
574850,08-06-2016,0
499422,03-02-2016,0
481849,08-01-2016,0
906126,03-08-2017,1
876010,25-06-2017,0
870222,18-06-2017,0
853119,27-05-2017,1
765153,31-01-2017,0
1215739,21-09-2018,0
1165183,16-07-2018,1
1154998,03-07-2018,0
1103465,30-04-2018,0
1035803,25-01-2018,0
1029095,17-01-2018,1
1507939,19-09-2019,1
1459941,28-07-2019,0
1453884,21-07-2019,0
1441967,08-07-2019,2
1406330,27-05-2019,0
1405445,26-05-2019,1
1319333,04-02-2019,0
1815308,05-10-2020,1
1758966,09-08-2020,1
1755297,04-08-2020,0
1739658,19-07-2020,1
1704727,13-06-2020,2
1702172,11-06-2020,0
1692912,30-05-2020,0
1635118,06-03-2020,0
2136270,08-10-2021,1
2130370,01-10-2021,1
2121381,21-09-2021,0
2107930,04-09-2021,3
2085438,08-08-2021,0
2077018,28-07-2021,0
2064992,16-07-2021,1
2041555,21-06-2021,0
2005238,15-05-2021,1
2003167,13-05-2021,1
1978561,15-04-2021,0
1969899,06-04-2021,0
1965890,31-03-2021,2
1944507,04-03-2021,0
1911026,25-01-2021,1
1896774,07-01-2021,0
2488952,27-12-2022,0
2431594,06-10-2022,1
2396536,24-08-2022,2
2375886,01-08-2022,1
2361532,16-07-2022,1
2334920,19-06-2022,1
2284819,22-04-2022,1
2274855,09-04-2022,0
2220985,27-01-2022,1
2578168,21-04-2023,0
2569434,11-04-2023,1
2562882,02-04-2023,0
2494254,03-01-2023,1
172288,10-08-2014,0
172180,10-08-2014,0
1374920,13-04-2019,0
2562631,02-04-2023,0
171802,09-08-2014,1
452120,23-11-2015,0
412529,12-09-2015,0
412539,12-09-2015,1
668407,03-10-2016,0
629415,14-08-2016,0
575061,05-06-2016,0
553570,04-05-2016,1
991017,18-11-2017,0
979651,03-11-2017,0
1245703,01-11-2018,0
1206050,07-09-2018,1
1106557,02-05-2018,0
1802862,23-09-2020,0
1778435,28-08-2020,0
1712876,22-06-2020,0
1712898,22-06-2020,0
1711410,21-06-2020,0
1704879,14-06-2020,1
2142092,14-10-2021,1
2132656,04-10-2021,0
2128023,28-09-2021,1
2100578,26-08-2021,0
2039441,18-06-2021,0
2011569,22-05-2021,2
2416762,17-09-2022,0
2411901,09-09-2022,1
2410704,08-09-2022,0
2405020,02-09-2022,0
2358856,13-07-2022,0
2350033,04-07-2022,0
2340347,25-06-2022,0
2247617,06-03-2022,1
2555309,26-03-2023,0
2499119,09-01-2023,0
2498013,08-01-2023,0
171823,08-08-2014,1
311348,22-03-2015,1
719128,05-12-2016,4
625735,08-08-2016,2
537085,09-04-2016,0
1503207,12-09-2019,1
1503192,12-09-2019,4
1441317,07-07-2019,0
1680027,14-05-2020,0
1639542,14-03-2020,1
1635570,07-03-2020,0
2373646,29-07-2022,1
171778,08-08-2014,0
151659,26-06-2014,0
341465,16-05-2015,0
332732,01-05-2015,2
628570,13-08-2016,2
537825,10-04-2016,1
893726,18-07-2017,0
1210742,15-09-2018,0
1179589,04-08-2018,0
1515242,29-09-2019,0
1433857,26-06-2019,0
1810358,30-09-2020,0
1749535,28-07-2020,0
1725379,05-07-2020,0
1711605,21-06-2020,0
1666945,27-04-2020,5
1629488,26-02-2020,6
2135508,07-10-2021,3
2135498,07-10-2021,0
2115522,13-09-2021,0
2103311,29-08-2021,0
1998602,08-05-2021,0
1970937,07-04-2021,2
2443276,23-10-2022,0
2442695,22-10-2022,0
2416625,16-09-2022,0
2414276,14-09-2022,0
2397033,24-08-2022,3
2380017,05-08-2022,0
2301494,13-05-2022,0
2258324,20-03-2022,0
2224788,01-02-2022,0
2218159,23-01-2022,6
2555326,27-03-2023,0
2550749,20-03-2023,1
170704,06-08-2014,3
444406,06-11-2015,0
604233,16-07-2016,1
939834,23-09-2017,1
1215987,23-09-2018,1
1209006,12-09-2018,6
1682322,18-05-2020,0
1656873,11-04-2020,0
2222766,29-01-2022,0
168844,03-08-2014,5
168551,03-08-2014,0
663789,26-09-2016,0
655512,14-09-2016,1
2490925,30-12-2022,2
169024,03-08-2014,0
1233663,15-10-2018,5
167872,02-08-2014,3
142123,21-05-2014,1
107519,16-02-2014,1
375773,16-07-2015,0
273397,04-01-2015,3
627519,12-08-2016,1
604459,16-07-2016,0
597756,07-07-2016,5
985582,11-11-2017,1
833152,01-05-2017,2
739451,01-01-2017,1
1172403,26-07-2018,0
1132408,03-06-2018,0
1436254,30-06-2019,2
1386481,03-05-2019,1
1779023,28-08-2020,1
1746674,25-07-2020,0
1695998,02-06-2020,1
2137291,09-10-2021,0
2119745,19-09-2021,2
2053346,04-07-2021,3
2053365,04-07-2021,0
2040374,20-06-2021,0
2032282,11-06-2021,0
1957226,20-03-2021,1
2490150,28-12-2022,0
2483108,16-12-2022,0
2464272,20-11-2022,0
2269100,03-04-2022,1
2258182,19-03-2022,1
2549324,18-03-2023,0
2544817,12-03-2023,4
2514220,30-01-2023,1
2496714,06-01-2023,3
168169,02-08-2014,0
176329,30-07-2014,3
276845,11-01-2015,2
166970,26-07-2014,1
1197278,27-08-2018,1
1100691,25-04-2018,0
1338790,02-03-2019,1
1772623,23-08-2020,0
2143479,17-10-2021,1
2143499,17-10-2021,1
2541937,07-03-2023,2
164513,26-07-2014,5
163930,26-07-2014,0
162687,23-07-2014,0
161302,21-07-2014,0
2255832,16-03-2022,1
2256080,16-03-2022,1
160998,20-07-2014,1
2169719,17-11-2021,1
2111858,09-09-2021,0
2450557,31-10-2022,2
158589,13-07-2014,0
1800514,20-09-2020,1
158306,13-07-2014,0
157857,12-07-2014,3
744799,06-01-2017,2
156670,09-07-2014,6
156468,08-07-2014,0
2080536,01-08-2021,0
2003334,13-05-2021,0
162305,07-07-2014,0
155943,07-07-2014,1
153532,31-05-2014,1
456893,02-12-2015,16
300860,04-03-2015,3
605005,16-07-2016,0
1202332,02-09-2018,0
1146968,21-06-2018,1
1877043,12-12-2020,1
1808628,27-09-2020,1
2286089,23-04-2022,1
154803,05-07-2014,0
132405,03-05-2014,0
390526,08-08-2015,8
355883,11-06-2015,1
333584,03-05-2015,0
297681,25-02-2015,3
738749,31-12-2016,1
699863,11-11-2016,0
698383,10-11-2016,1
663106,26-09-2016,1
605475,17-07-2016,1
595069,04-07-2016,3
589165,26-06-2016,1
567614,29-05-2016,2
509707,21-02-2016,0
504879,14-02-2016,1
960036,15-10-2017,2
955268,09-10-2017,0
865371,11-06-2017,0
813821,07-04-2017,5
803822,26-03-2017,2
752756,16-01-2017,0
1263086,25-11-2018,1
1226853,06-10-2018,1
1162437,11-07-2018,0
1083552,02-04-2018,1
1581103,27-12-2019,2
1541774,04-11-2019,1
1486232,23-08-2019,3
1481989,17-08-2019,0
1445066,11-07-2019,0
1332429,21-02-2019,2
1314289,28-01-2019,2
1305294,19-01-2019,3
1855276,18-11-2020,3
1830092,20-10-2020,3
1786488,05-09-2020,0
1760261,09-08-2020,0
1726446,05-07-2020,0
1703055,11-06-2020,2
1693064,30-05-2020,1
1686222,23-05-2020,0
1683810,20-05-2020,2
1673989,06-05-2020,3
1664933,24-04-2020,3
1627713,23-02-2020,0
1616964,08-02-2020,1
2155282,31-10-2021,1
2143765,17-10-2021,0
2108414,05-09-2021,4
2085489,08-08-2021,1
2071343,22-07-2021,1
2067290,18-07-2021,3
2049845,30-06-2021,3
2046781,26-06-2021,1
2028928,08-06-2021,0
1981805,19-04-2021,2
1957188,20-03-2021,0
1949977,10-03-2021,3
1941210,28-02-2021,0
1940069,26-02-2021,1
1924892,09-02-2021,0
1897878,09-01-2021,1
1893327,03-01-2021,1
2467661,24-11-2022,2
2451028,02-11-2022,0
2399755,28-08-2022,4
2361614,16-07-2022,4
2339761,25-06-2022,2
2316364,29-05-2022,0
2302740,15-05-2022,2
2258224,20-03-2022,1
2235778,17-02-2022,0
2206813,08-01-2022,1
2567299,08-04-2023,0
2504645,17-01-2023,0
2502680,15-01-2023,1
154834,05-07-2014,0
154844,04-07-2014,0
92194,01-01-2014,2
630007,14-08-2016,0
589470,25-06-2016,0
901549,30-07-2017,1
778182,19-02-2017,1
1776189,25-08-2020,0
1643157,20-03-2020,0
2158417,03-11-2021,3
2084884,07-08-2021,0
2050836,02-07-2021,0
2013096,23-05-2021,0
1964271,26-03-2021,0
2406108,04-09-2022,2
2391353,18-08-2022,3
2379316,05-08-2022,0
2257316,19-03-2022,3
154721,05-07-2014,0
108691,20-02-2014,4
444458,09-11-2015,2
416812,19-09-2015,1
367780,02-07-2015,1
318297,05-04-2015,0
312119,24-03-2015,4
657151,17-09-2016,2
567494,29-05-2016,0
561912,18-05-2016,0
820565,15-04-2017,0
1037515,28-01-2018,2
1509510,21-09-2019,0
1390764,08-05-2019,0
1386929,04-05-2019,0
1365077,07-04-2019,2
1312463,26-01-2019,0
1891461,31-12-2020,1
1813872,04-10-2020,3
1787222,07-09-2020,1
1668470,29-04-2020,0
1615155,05-02-2020,4
2091531,14-08-2021,1
2090777,14-08-2021,1
2079271,31-07-2021,0
2060865,13-07-2021,0
2025260,05-06-2021,2
1978635,15-04-2021,9
1953309,15-03-2021,1
1952161,13-03-2021,4
1928594,13-02-2021,0
1910136,24-01-2021,5
2374401,31-07-2022,0
2358861,13-07-2022,1
2328215,12-06-2022,0
2299126,11-05-2022,0
2274783,10-04-2022,1
2528691,19-02-2023,0
158055,05-07-2014,0
156834,02-07-2014,0
348673,28-05-2015,1
965251,21-10-2017,0
831201,28-04-2017,0
1778542,28-08-2020,1
1637520,10-03-2020,2
153275,30-06-2014,1
361708,21-06-2015,1
1780301,30-08-2020,0
1765658,16-08-2020,1
2079533,31-07-2021,0
2411871,10-09-2022,0
2398877,27-08-2022,0
2296191,07-05-2022,2
152960,28-06-2014,0
153578,28-06-2014,0
152722,27-06-2014,1
378102,18-07-2015,0
349289,30-05-2015,0
700232,13-11-2016,3
832679,30-04-2017,2
1110399,07-05-2018,0
1550546,16-11-2019,6
1318187,01-02-2019,0
2103035,28-08-2021,0
1984807,22-04-2021,1
1939958,26-02-2021,1
2512985,27-01-2023,1
151475,25-06-2014,0
1522979,09-10-2019,0
154136,22-06-2014,1
157013,20-06-2014,0
146565,15-06-2014,0
146586,15-06-2014,0
156245,09-06-2014,0
325618,18-04-2015,1
853796,28-05-2017,1
1202274,02-09-2018,2
1182893,08-08-2018,0
1434882,28-06-2019,0
1344488,11-03-2019,0
1800192,19-09-2020,0
1728683,07-07-2020,4
1722839,02-07-2020,1
1692513,30-05-2020,0
2113769,11-09-2021,0
2038152,17-06-2021,0
2013059,23-05-2021,0
1999434,06-05-2021,0
2458467,12-11-2022,0
2340685,26-06-2022,0
2300830,11-05-2022,1
2572582,15-04-2023,0
2525591,13-02-2023,0
144524,08-06-2014,5
432466,17-10-2015,1
418964,23-09-2015,0
611479,25-07-2016,2
522122,13-03-2016,0
144565,08-06-2014,1
143979,07-06-2014,1
143723,07-06-2014,1
1492377,31-08-2019,0
139281,25-05-2014,1
688979,30-10-2016,0
975817,28-10-2017,0
1540863,03-11-2019,0
1493374,01-09-2019,0
1863099,27-11-2020,0
1844573,05-11-2020,3
1759779,09-08-2020,0
1701382,10-06-2020,1
2066335,18-07-2021,1
2053262,05-07-2021,1
2022821,02-06-2021,0
2447980,28-10-2022,2
2570622,12-04-2023,1
138645,24-05-2014,3
693401,05-11-2016,0
869968,18-06-2017,0
1821574,12-10-2020,2
1687037,24-05-2020,0
2286363,24-04-2022,1
138282,23-05-2014,4
138370,23-05-2014,2
135904,18-05-2014,0
1148596,24-06-2018,0
1806806,27-09-2020,1
136567,17-05-2014,1
308201,14-03-2015,0
134044,10-05-2014,1
586122,22-06-2016,1
2006204,16-05-2021,1
134052,10-05-2014,2
429410,12-10-2015,0
620247,03-08-2016,1
2327247,10-06-2022,1
132897,04-05-2014,0
131998,03-05-2014,4
843078,14-05-2017,1
1291779,02-01-2019,1
130232,29-04-2014,1
1581476,27-12-2019,0
129730,27-04-2014,0
1666461,26-04-2020,0
127045,20-04-2014,0
124146,11-04-2014,0
123891,09-04-2014,3
123666,06-04-2014,0
1661218,17-04-2020,1
125863,06-04-2014,0
357590,13-06-2015,0
310356,20-03-2015,0
809499,01-04-2017,2
1166302,18-07-2018,0
1051291,16-02-2018,1
1534704,24-10-2019,2
1405221,25-05-2019,0
1840364,01-11-2020,1
1765920,16-08-2020,0
2154441,30-10-2021,0
2483594,18-12-2022,0
2413596,12-09-2022,0
2584779,30-04-2023,1
122612,05-04-2014,1
436234,25-10-2015,1
324424,16-04-2015,5
595482,04-07-2016,2
572766,05-06-2016,2
959126,15-10-2017,1
954428,07-10-2017,0
1174960,29-07-2018,1
1369148,11-04-2019,3
1354049,24-03-2019,0
1350494,19-03-2019,2
1299680,13-01-2019,1
1857947,21-11-2020,1
1717173,26-06-2020,0
1999193,09-05-2021,1
1954950,16-03-2021,4
1904063,17-01-2021,0
1904036,17-01-2021,1
2491656,31-12-2022,0
2478061,09-12-2022,1
2443231,22-10-2022,1
2400492,28-08-2022,3
2386954,14-08-2022,1
2320618,04-06-2022,1
2315605,29-05-2022,1
2289382,27-04-2022,0
2231371,11-02-2022,2
2573179,15-04-2023,0
2503197,15-01-2023,0
122672,05-04-2014,0
121031,02-04-2014,4
120621,30-03-2014,0
120303,30-03-2014,0
428247,10-10-2015,0
412557,11-09-2015,0
408449,05-09-2015,1
325207,18-04-2015,0
728286,17-12-2016,0
589159,26-06-2016,0
576774,11-06-2016,1
1143135,17-06-2018,0
1492778,31-08-2019,1
1420933,12-06-2019,1
1383752,30-04-2019,2
1712342,22-06-2020,4
1687108,23-05-2020,0
2186696,10-12-2021,0
2341725,27-06-2022,0
117818,23-03-2014,1
172722,23-03-2014,1
392131,10-08-2015,0
293883,15-02-2015,0
543244,18-04-2016,1
956990,10-10-2017,2
1555135,21-11-2019,0
1537672,29-10-2019,3
1398593,18-05-2019,1
117642,21-03-2014,0
452362,22-11-2015,1
610756,23-07-2016,0
1359599,31-03-2019,0
2012765,22-05-2021,1
2361097,16-07-2022,0
2309711,23-05-2022,0
2292613,01-05-2022,1
2242345,26-02-2022,1
117591,16-03-2014,3
1515327,29-09-2019,4
1969633,04-04-2021,0
2434062,09-10-2022,0
2294477,03-05-2022,0
125855,16-03-2014,0
113156,09-03-2014,3
113247,09-03-2014,0
617607,31-07-2016,1
555126,08-05-2016,1
980269,04-11-2017,0
975600,29-10-2017,1
1417716,07-06-2019,0
1711626,21-06-2020,0
2107621,03-09-2021,1
2032220,12-06-2021,1
1951383,12-03-2021,0
2258156,20-03-2022,0
2513496,28-01-2023,2
113255,08-03-2014,1
988824,14-11-2017,2
1554446,20-11-2019,0
1428229,21-06-2019,0
2041297,20-06-2021,3
112415,05-03-2014,3
543102,17-04-2016,1
109957,25-02-2014,4
109142,22-02-2014,0
712776,28-11-2016,0
1507092,18-09-2019,2
108649,20-02-2014,4
107417,16-02-2014,1
723643,11-12-2016,1
108659,16-02-2014,1
437836,27-10-2015,0
395844,16-08-2015,0
587755,25-06-2016,2
864370,09-06-2017,2
843590,14-05-2017,0
1232554,14-10-2018,0
1847840,09-11-2020,0
1834216,25-10-2020,2
1676579,10-05-2020,0
2156001,31-10-2021,1
2052353,04-07-2021,0
1973844,09-04-2021,1
2459005,12-11-2022,0
2432893,07-10-2022,4
2368308,24-07-2022,1
2256453,18-03-2022,1
107673,16-02-2014,0
368732,05-07-2015,0
654087,13-09-2016,3
652642,11-09-2016,3
569189,31-05-2016,0
815246,09-04-2017,1
1261351,22-11-2018,3
1665735,24-04-2020,0
2011610,22-05-2021,1
2570985,12-04-2023,1
106394,12-02-2014,0
409732,07-09-2015,2
986236,12-11-2017,0
939482,20-09-2017,0
783623,26-02-2017,1
1149463,24-06-2018,1
1510411,23-09-2019,2
2349853,05-07-2022,3
2328265,12-06-2022,2
106481,12-02-2014,1
693374,05-11-2016,0
682298,22-10-2016,0
632753,17-08-2016,0
603733,14-07-2016,0
580791,14-06-2016,1
550619,29-04-2016,0
521074,12-03-2016,0
907857,06-08-2017,0
880813,01-07-2017,0
1263332,25-11-2018,0
1226384,06-10-2018,0
1173069,26-07-2018,2
1151355,27-06-2018,1
1579889,25-12-2019,0
1504012,14-09-2019,1
1435804,30-06-2019,0
1338860,03-03-2019,0
1337498,28-02-2019,1
1783928,02-09-2020,0
1757380,06-08-2020,1
1722142,01-07-2020,0
2160838,05-11-2021,1
2125953,26-09-2021,0
2119736,19-09-2021,1
2039964,19-06-2021,1
2027375,06-06-2021,0
2007722,18-05-2021,2
1998693,08-05-2021,0
1928149,13-02-2021,0
2428678,01-10-2022,2
2426042,28-09-2022,1
2415479,13-09-2022,0
2333154,16-06-2022,1
2510063,23-01-2023,1
103698,03-02-2014,3
140117,30-01-2014,4
101301,27-01-2014,0
377181,19-07-2015,0
725338,11-12-2016,0
1494669,01-09-2019,0
2285612,23-04-2022,0
113665,27-01-2014,1
451338,22-11-2015,0
696917,09-11-2016,0
493536,26-01-2016,2
1812838,02-10-2020,0
1603241,22-01-2020,1
2073597,25-07-2021,2
1975004,11-04-2021,0
2428715,02-10-2022,0
100568,25-01-2014,0
1547021,11-11-2019,0
104902,20-01-2014,0
1896252,06-01-2021,3
2348191,03-07-2022,0
97407,16-01-2014,2
97365,16-01-2014,5
95579,12-01-2014,0
1206409,09-09-2018,1
2274803,10-04-2022,2
95500,12-01-2014,0
1556002,23-11-2019,1
95550,12-01-2014,0
1145881,19-06-2018,0
1018295,01-01-2018,1
2497948,07-01-2023,2
94514,05-01-2014,1
382413,24-07-2015,2
1943986,03-03-2021,2
473882,27-12-2015,0
1191368,20-08-2018,1
1854207,17-11-2020,0
1715616,24-06-2020,0
2291185,29-04-2022,2
2564328,03-04-2023,0
471860,25-12-2015,0
677293,15-10-2016,0
1083011,01-04-2018,1
1492087,30-08-2019,0
1348291,15-03-2019,2
2200720,27-12-2021,1
2157991,02-11-2021,0
2142296,15-10-2021,0
2492253,31-12-2022,1
2468642,26-11-2022,0
469468,21-12-2015,0
468968,20-12-2015,1
646995,03-09-2016,1
1967914,03-04-2021,3
2228660,06-02-2022,0
469614,20-12-2015,0
464945,13-12-2015,0
465117,12-12-2015,1
2193049,19-12-2021,1
464002,12-12-2015,0
457037,02-12-2015,1
386066,02-08-2015,0
273965,02-01-2015,1
883052,05-07-2017,0
1177024,30-07-2018,0
1420432,11-06-2019,2
2031976,11-06-2021,2
2213456,16-01-2022,1
463642,11-12-2015,1
451057,21-11-2015,1
426256,06-10-2015,0
424224,02-10-2015,1
386140,02-08-2015,0
375322,15-07-2015,1
370474,07-07-2015,3
344302,20-05-2015,1
341232,16-05-2015,0
316795,02-04-2015,0
299190,28-02-2015,1
723292,11-12-2016,0
715101,30-11-2016,2
662342,24-09-2016,0
615328,28-07-2016,0
600798,11-07-2016,0
568528,30-05-2016,0
545501,21-04-2016,0
942830,26-09-2017,2
941144,24-09-2017,0
917713,21-08-2017,1
904329,02-08-2017,0
866412,13-06-2017,0
866448,13-06-2017,2
1279617,18-12-2018,0
1194598,23-08-2018,0
1168828,21-07-2018,0
1153531,30-06-2018,0
1115110,14-05-2018,0
1577577,22-12-2019,0
1537044,29-10-2019,1
1536787,28-10-2019,1
1525628,12-10-2019,1
1523204,09-10-2019,1
1493429,31-08-2019,0
1491495,30-08-2019,1
1490466,29-08-2019,1
1453350,20-07-2019,1
1437094,01-07-2019,0
1428595,22-06-2019,1
1405317,25-05-2019,0
1386085,03-05-2019,0
1385642,03-05-2019,0
1381979,28-04-2019,1
1368597,11-04-2019,1
1357591,28-03-2019,0
1331974,21-02-2019,1
1831091,22-10-2020,0
1825896,15-10-2020,0
1788401,08-09-2020,0
1787387,06-09-2020,0
1786449,05-09-2020,1
1724273,03-07-2020,0
1704176,13-06-2020,0
1674802,07-05-2020,0
1647661,28-03-2020,1
1641216,17-03-2020,0
2191752,17-12-2021,1
2192046,17-12-2021,1
2176922,28-11-2021,0
2148401,22-10-2021,0
2136230,08-10-2021,0
2134217,06-10-2021,1
2116343,14-09-2021,0
2036635,16-06-2021,1
2001137,11-05-2021,0
1993221,02-05-2021,1
1976538,13-04-2021,0
1969065,05-04-2021,0
2450917,01-11-2022,0
2425799,28-09-2022,0
2396567,24-08-2022,1
2386878,14-08-2022,1
2373050,29-07-2022,2
2334096,17-06-2022,0
2324435,07-06-2022,2
2298872,10-05-2022,0
2298591,10-05-2022,1
2280495,16-04-2022,1
2252719,12-03-2022,3
2245620,02-03-2022,1
2215955,19-01-2022,3
2574455,17-04-2023,0
2562492,01-04-2023,3
2552552,23-03-2023,1
2527234,15-02-2023,0
2494934,04-01-2023,1
461476,08-12-2015,1
421650,28-09-2015,0
399367,21-08-2015,2
376203,17-07-2015,0
335903,07-05-2015,0
610093,23-07-2016,2
896149,22-07-2017,0
886220,08-07-2017,1
803054,26-03-2017,2
785262,28-02-2017,0
1204538,06-09-2018,4
1124777,25-05-2018,0
1852161,14-11-2020,0
1765624,16-08-2020,1
1765636,16-08-2020,2
1766423,16-08-2020,1
2109384,05-09-2021,0
2040732,20-06-2021,1
2038622,17-06-2021,1
2005991,16-05-2021,1
1941382,28-02-2021,3
2380747,07-08-2022,0
2285242,22-04-2022,0
460049,06-12-2015,1
460386,06-12-2015,2
348606,28-05-2015,0
283041,24-01-2015,3
1131855,02-06-2018,1
1114276,12-05-2018,0
1111649,09-05-2018,0
1400934,18-05-2019,0
1739571,19-07-2020,0
2052342,04-07-2021,1
2458863,13-11-2022,1
2320862,03-06-2022,1
2238657,20-02-2022,0
455394,29-11-2015,0
610402,22-07-2016,0
1905360,16-01-2021,0
454059,27-11-2015,3
1277411,14-12-2018,1
1043447,05-02-2018,2
2143889,17-10-2021,0
1999125,09-05-2021,7
2463465,19-11-2022,5
2315190,28-05-2022,1
2269059,02-04-2022,0
2263608,25-03-2022,2
2207406,09-01-2022,2
2531078,21-02-2023,0
454788,24-11-2015,0
1864205,28-11-2020,0
452007,23-11-2015,4
357164,13-06-2015,4
516341,04-03-2016,1
1007054,13-12-2017,1
869357,17-06-2017,1
821371,16-04-2017,0
1185040,11-08-2018,0
1527528,15-10-2019,0
1462317,30-07-2019,0
1429480,23-06-2019,0
1400561,20-05-2019,0
1739097,17-07-2020,0
1713668,22-06-2020,1
1671289,03-05-2020,0
2079044,31-07-2021,1
2072782,24-07-2021,0
2045043,25-06-2021,0
2013043,22-05-2021,1
1993090,02-05-2021,0
1980492,17-04-2021,1
2489345,27-12-2022,0
2425825,28-09-2022,0
2423538,24-09-2022,1
2376028,01-08-2022,2
2360953,16-07-2022,2
2251416,11-03-2022,2
2548773,18-03-2023,2
2513512,29-01-2023,1
2492314,01-01-2023,1
453317,22-11-2015,0
2443627,23-10-2022,0
451305,22-11-2015,0
688577,30-10-2016,2
773162,12-02-2017,1
1605798,26-01-2020,3
2170140,17-11-2021,0
448653,16-11-2015,3
448419,15-11-2015,5
447462,14-11-2015,0
443821,08-11-2015,1
848680,21-05-2017,1
809683,02-04-2017,0
1423435,16-06-2019,0
2158524,03-11-2021,0
2238165,20-02-2022,0
444168,08-11-2015,0
1743108,22-07-2020,0
440743,02-11-2015,4
438651,28-10-2015,1
2167889,13-11-2021,0
1987241,26-04-2021,0
437323,26-10-2015,0
619408,01-08-2016,0
559194,15-05-2016,0
921653,27-08-2017,1
1520425,06-10-2019,0
1328792,17-02-2019,0
1840265,01-11-2020,0
2010083,20-05-2021,1
436202,25-10-2015,0
436219,24-10-2015,0
435144,22-10-2015,1
563751,22-05-2016,0
547639,25-04-2016,0
965756,21-10-2017,0
1196051,25-08-2018,1
1025673,12-01-2018,3
1381857,28-04-2019,0
1846494,08-11-2020,0
1828019,18-10-2020,0
1807096,27-09-2020,0
1736508,16-07-2020,0
2176058,26-11-2021,3
2153779,28-10-2021,1
2103256,29-08-2021,0
2084889,06-08-2021,0
2029078,08-06-2021,1
2428950,02-10-2022,0
2378851,04-08-2022,1
2555459,27-03-2023,7
432072,17-10-2015,0
429614,10-10-2015,1
1739434,19-07-2020,0
1718463,27-06-2020,0
2054132,04-07-2021,1
2202001,01-01-2022,2
427621,09-10-2015,1
423223,01-10-2015,10
422020,28-09-2015,0
333576,03-05-2015,1
687940,29-10-2016,1
685379,25-10-2016,1
1467828,04-08-2019,10
1762997,12-08-2020,1
1721572,30-06-2020,0
1973435,07-04-2021,0
2379499,05-08-2022,4
421014,27-09-2015,0
420855,27-09-2015,0
391014,09-08-2015,0
381814,26-07-2015,2
711744,27-11-2016,0
700363,12-11-2016,1
652584,11-09-2016,0
749361,12-01-2017,3
1180161,04-08-2018,0
1546102,10-11-2019,0
1509721,22-09-2019,0
1482199,18-08-2019,0
1367011,09-04-2019,1
1787286,06-09-2020,0
1698306,06-06-2020,1
1631040,29-02-2020,1
1600787,19-01-2020,2
2053786,04-07-2021,0
1986770,25-04-2021,1
2407734,05-09-2022,2
2356327,10-07-2022,1
2348750,04-07-2022,0
2572471,14-04-2023,1
426559,25-09-2015,0
940068,23-09-2017,0
1582816,29-12-2019,0
2119101,18-09-2021,2
2052689,04-07-2021,0
419250,23-09-2015,0
412996,12-09-2015,0
369014,05-07-2015,0
689518,31-10-2016,0
553803,05-05-2016,2
530049,27-03-2016,0
763313,29-01-2017,1
1126712,27-05-2018,0
1092279,15-04-2018,0
1422981,15-06-2019,0
1365100,07-04-2019,0
1343330,10-03-2019,0
1852831,15-11-2020,0
1736383,15-07-2020,1
1610782,31-01-2020,0
1981353,18-04-2021,0
1941444,28-02-2021,0
1893601,03-01-2021,2
2269034,02-04-2022,1
2553829,25-03-2023,1
2553843,24-03-2023,0
2539065,05-03-2023,0
2508522,22-01-2023,1
419826,23-09-2015,1
417013,20-09-2015,0
357667,14-06-2015,0
290098,06-02-2015,1
1226923,06-10-2018,0
1400095,20-05-2019,2
2427775,30-09-2022,1
2318310,01-06-2022,5
418318,17-09-2015,6
415687,17-09-2015,0
413001,13-09-2015,1
1588308,04-01-2020,1
2492448,01-01-2023,2
412487,12-09-2015,2
398361,19-08-2015,3
341162,16-05-2015,0
501168,07-02-2016,1
780792,22-02-2017,0
1799307,19-09-2020,2
1775249,25-08-2020,0
1765890,15-08-2020,0
1731349,11-07-2020,0
2163306,09-11-2021,0
2119583,19-09-2021,2
1917661,01-02-2021,1
2480430,13-12-2022,1
2349723,05-07-2022,1
2252500,13-03-2022,2
411888,08-09-2015,0
412040,07-09-2015,5
408276,05-09-2015,0
317165,03-04-2015,0
588835,23-02-2015,0
510769,23-02-2016,0
1686747,23-05-2020,0
408256,05-09-2015,0
1725946,05-07-2020,2
2166768,14-11-2021,1
2202025,01-01-2022,0
404238,29-08-2015,3
597176,07-07-2016,1
405133,29-08-2015,1
402623,27-08-2015,2
403669,27-08-2015,2
775903,15-02-2017,0
749769,12-01-2017,2
401884,26-08-2015,0
402051,26-08-2015,2
1102900,29-04-2018,1
1774138,24-08-2020,0
2465213,22-11-2022,2
400091,23-08-2015,1
1145709,20-06-2018,0
1068615,12-03-2018,0
1581590,27-12-2019,1
399564,22-08-2015,3
577574,11-06-2016,5
1295294,06-01-2019,0
399212,21-08-2015,0
1735470,14-07-2020,0
2188260,13-12-2021,2
2094457,18-08-2021,1
2037887,17-06-2021,2
2018495,27-05-2021,0
2412487,11-09-2022,1
2237058,19-02-2022,2
2514902,31-01-2023,2
2492611,01-01-2023,0
395718,16-08-2015,0
590233,26-06-2016,0
2368110,24-07-2022,1
395549,15-08-2015,1
391263,09-08-2015,1
390914,08-08-2015,2
1850693,12-11-2020,0
1692496,30-05-2020,1
390774,08-08-2015,1
1719645,27-06-2020,3
390050,07-08-2015,4
389057,06-08-2015,0
934036,16-09-2017,0
769511,07-02-2017,0
1485340,22-08-2019,2
1289877,01-01-2019,0
2080733,02-08-2021,0
2280204,16-04-2022,0
2252792,13-03-2022,1
2584240,29-04-2023,0
381433,25-07-2015,0
2339866,24-06-2022,2
380162,23-07-2015,3
517895,07-03-2016,0
1012704,21-12-2017,0
1824979,15-10-2020,2
1704873,14-06-2020,0
2196827,25-12-2021,0
2291712,01-05-2022,0
2584808,30-04-2023,1
379166,22-07-2015,5
378452,21-07-2015,1
359215,16-06-2015,0
687375,28-10-2016,0
1750548,30-07-2020,0
2496391,05-01-2023,0
2497601,01-01-2023,0
377878,20-07-2015,0
357701,13-06-2015,0
334047,03-05-2015,0
640677,28-08-2016,0
907555,06-08-2017,0
907546,06-08-2017,0
879412,30-06-2017,2
1190035,18-08-2018,0
1139320,12-06-2018,0
1559257,27-11-2019,0
1754363,03-08-2020,0
1710537,20-06-2020,0
1711134,20-06-2020,0
1704217,12-06-2020,1
2169494,17-11-2021,1
2119470,18-09-2021,1
2108560,05-09-2021,0
2044701,25-06-2021,0
2005196,15-05-2021,1
2489614,28-12-2022,1
2479678,12-12-2022,0
2475554,06-12-2022,0
2411007,09-09-2022,0
2277011,12-04-2022,1
2571130,13-04-2023,0
2522557,10-02-2023,2
377189,19-07-2015,0
912375,13-08-2017,0
1467157,02-08-2019,2
377047,19-07-2015,0
369410,04-07-2015,0
318221,05-04-2015,1
709370,24-11-2016,2
585615,21-06-2016,2
1006150,12-12-2017,0
974051,27-10-2017,0
925809,02-09-2017,0
855113,29-05-2017,1
825111,20-04-2017,0
797553,19-03-2017,1
1071427,17-03-2018,0
1423330,16-06-2019,1
1375235,18-04-2019,0
1746282,26-07-2020,1
1734064,13-07-2020,1
1704862,14-06-2020,1
1691221,28-05-2020,0
1651742,03-04-2020,0
2155369,31-10-2021,2
2033605,13-06-2021,1
2431842,06-10-2022,0
2327991,11-06-2022,0
2247842,06-03-2022,0
2573266,15-04-2023,2
2568184,10-04-2023,6
390936,18-07-2015,0
376702,18-07-2015,1
377423,18-07-2015,2
604762,17-07-2016,5
597366,07-07-2016,0
549507,27-04-2016,2
896889,23-07-2017,0
1256435,14-11-2018,3
1540280,02-11-2019,0
1435028,29-06-2019,0
1319325,04-02-2019,0
1732485,12-07-2020,1
1724887,04-07-2020,0
1676515,10-05-2020,0
2172657,21-11-2021,1
2039346,19-06-2021,2
1939789,26-02-2021,0
1932479,18-02-2021,1
2442008,21-10-2022,0
2293603,03-05-2022,0
2275242,10-04-2022,0
2241857,25-02-2022,2
2508370,22-01-2023,0
374630,15-07-2015,4
373993,13-07-2015,0
373095,12-07-2015,2
373063,12-07-2015,0
338034,10-05-2015,0
652759,11-09-2016,1
881700,02-07-2017,0
1242443,26-10-2018,1
1153471,30-06-2018,0
1568230,10-12-2019,6
1434893,28-06-2019,0
1710680,20-06-2020,1
2011482,21-05-2021,2
2458086,11-11-2022,0
2344008,29-06-2022,0
369196,05-07-2015,1
368987,04-07-2015,1
368995,04-07-2015,0
287529,01-02-2015,0
940644,24-09-2017,0
1214298,20-09-2018,0
1711285,20-06-2020,1
2107168,03-09-2021,0
2280017,16-04-2022,1
369127,04-07-2015,0
281039,19-01-2015,2
699332,13-11-2016,0
693438,05-11-2016,0
688592,30-10-2016,0
667984,02-10-2016,1
518266,08-03-2016,2
815227,09-04-2017,1
1202134,02-09-2018,0
1151527,27-06-2018,0
1052372,18-02-2018,0
1575175,18-12-2019,0
1449602,16-07-2019,0
1425161,17-06-2019,0
1321093,05-02-2019,2
1835030,25-10-2020,1
1780266,30-08-2020,2
1703985,12-06-2020,0
1644111,23-03-2020,0
1600522,19-01-2020,2
2175329,25-11-2021,3
2157206,01-11-2021,0
2131406,02-10-2021,1
2091597,15-08-2021,3
2019155,29-05-2021,2
1964030,28-03-2021,0
2472924,01-12-2022,0
2340473,26-06-2022,1
2334359,18-06-2022,2
2289610,27-04-2022,0
2241299,24-02-2022,0
2214306,17-01-2022,1
2202727,02-01-2022,2
366046,29-06-2015,0
367099,28-06-2015,0
365399,28-06-2015,0
364872,27-06-2015,1
363418,24-06-2015,0
287031,01-02-2015,1
688841,30-10-2016,0
546258,23-04-2016,0
875322,24-06-2017,0
853032,27-05-2017,0
1764619,14-08-2020,0
1725167,05-07-2020,0
2167778,15-11-2021,0
2126747,27-09-2021,0
2426137,27-09-2022,0
2335052,20-06-2022,1
360895,20-06-2015,0
361014,19-06-2015,0
359830,17-06-2015,9
296327,22-02-2015,0
1681602,17-05-2020,0
2076889,28-07-2021,1
2000132,09-05-2021,0
2448372,30-10-2022,0
2406123,04-09-2022,0
2317016,30-05-2022,0
357597,14-06-2015,1
1080442,29-03-2018,0
1347974,16-03-2019,1
357732,13-06-2015,1
357770,13-06-2015,1
2361654,17-07-2022,0
357220,12-06-2015,0
356065,11-06-2015,1
699303,12-11-2016,0
634787,21-08-2016,0
1059559,27-02-2018,0
1882214,20-12-2020,2
1716944,25-06-2020,1
1606554,27-01-2020,0
353854,07-06-2015,5
353382,05-06-2015,0
1725802,05-07-2020,1
1721964,30-06-2020,0
2078540,29-07-2021,0
351936,03-06-2015,3
914819,16-08-2017,0
1704415,13-06-2020,1
350182,31-05-2015,3
1543835,07-11-2019,2
350021,31-05-2015,1
349976,31-05-2015,0
1765705,15-08-2020,1
346097,25-05-2015,1
903090,31-07-2017,0
1683653,19-05-2020,0
2154422,30-10-2021,0
2374990,31-07-2022,1
345681,24-05-2015,0
1759439,08-08-2020,0
346320,24-05-2015,1
327341,18-04-2015,0
555886,06-05-2016,1
1139176,11-06-2018,0
1564524,04-12-2019,2
1480326,15-08-2019,2
1752790,01-08-2020,0
1677566,11-05-2020,0
2135536,08-10-2021,1
2112252,09-09-2021,1
2085256,07-08-2021,0
2077549,28-07-2021,1
2043834,23-06-2021,2
2001362,10-05-2021,0
1982020,18-04-2021,1
2207469,09-01-2022,1
343106,18-05-2015,0
341622,17-05-2015,9
2318046,31-05-2022,0
339229,12-05-2015,5
1840600,01-11-2020,2
2166750,14-11-2021,4
2066905,18-07-2021,4
2518344,05-02-2023,1
340280,12-05-2015,1
689020,30-10-2016,3
2201535,31-12-2021,0
2186858,09-12-2021,0
2405859,03-09-2022,1
2539165,05-03-2023,0
333750,03-05-2015,4
330750,27-04-2015,2
329463,25-04-2015,0
567673,29-05-2016,0
520290,11-03-2016,0
893712,18-07-2017,1
840339,10-05-2017,1
1202437,02-09-2018,0
1142789,17-06-2018,1
1407189,27-05-2019,1
1404417,25-05-2019,0
1859110,22-11-2020,0
2090924,14-08-2021,0
2577693,20-04-2023,1
2570823,12-04-2023,0
2551596,21-03-2023,0
329322,25-04-2015,1
326792,21-04-2015,2
296215,22-02-2015,4
2142402,16-10-2021,1
325862,19-04-2015,0
893690,19-07-2017,0
868042,15-06-2017,1
1195537,25-08-2018,0
1162785,13-07-2018,1
1579856,25-12-2019,1
1475361,10-08-2019,0
1773996,24-08-2020,1
1740533,20-07-2020,1
1702276,11-06-2020,0
2165600,12-11-2021,2
2040643,20-06-2021,1
1988688,27-04-2021,2
1951738,13-03-2021,2
2462457,18-11-2022,4
2382827,08-08-2022,0
2367984,23-07-2022,0
2348167,04-07-2022,0
325445,18-04-2015,0
325166,18-04-2015,1
319808,07-04-2015,1
318531,05-04-2015,0
2316616,30-05-2022,1
314044,27-03-2015,0
313304,26-03-2015,0
1560645,29-11-2019,0
2072962,24-07-2021,0
1892704,01-01-2021,1
2303337,15-05-2022,1
468151,20-03-2015,1
308728,18-03-2015,1
849215,21-05-2017,0
1826655,16-10-2020,1
2321440,05-06-2022,2
305907,13-03-2015,2
994323,24-11-2017,1
304238,10-03-2015,0
736690,28-12-2016,1
989838,16-11-2017,0
789424,05-03-2017,0
1108879,05-05-2018,0
1572275,15-12-2019,1
2035733,14-06-2021,2
2006621,16-05-2021,0
1926742,11-02-2021,1
2528505,18-02-2023,3
2528066,17-02-2023,0
302786,08-03-2015,1
298122,26-02-2015,8
296121,22-02-2015,3
295502,17-02-2015,1
692025,02-11-2016,1
879953,01-07-2017,0
769859,07-02-2017,1
1257508,16-11-2018,3
1546155,10-11-2019,0
1301778,15-01-2019,1
1799160,18-09-2020,0
1786806,05-09-2020,0
1785593,03-09-2020,0
1986593,25-04-2021,1
2232476,12-02-2022,1
2555301,26-03-2023,2
290626,09-02-2015,3
290510,08-02-2015,0
289811,07-02-2015,5
2539196,04-03-2023,2
289146,05-02-2015,3
286810,31-01-2015,4
1504387,14-09-2019,0
285549,28-01-2015,1
282956,24-01-2015,4
298773,13-01-2015,0
1411408,01-06-2019,1
1692102,29-05-2020,0
2191683,17-12-2021,0
2323642,07-06-2022,4
277480,11-01-2015,1
479613,06-01-2016,3
1886141,24-12-2020,1
2108302,05-09-2021,4
2514564,30-01-2023,0
276766,11-01-2015,0
1441427,06-07-2019,0
1429810,23-06-2019,5
1826444,16-10-2020,2
1796684,15-09-2020,2
1690439,27-05-2020,0
2015730,26-05-2021,10
276536,10-01-2015,2
516758,05-03-2016,0
1148042,23-06-2018,0
1459389,27-07-2019,1
1376883,19-04-2019,0
1711397,20-06-2020,0
2110077,07-09-2021,1
1974943,11-04-2021,1
2487517,23-12-2022,2
273535,04-01-2015,2
684130,25-10-2016,2
647865,04-09-2016,1
583631,19-06-2016,0
1837146,28-10-2020,0
740447,31-12-2016,2
738041,30-12-2016,0
1842421,02-11-2020,0
1829132,19-10-2020,0
738576,30-12-2016,2
735947,25-12-2016,0
2254579,15-03-2022,0
733599,25-12-2016,1
2420406,20-09-2022,0
732927,24-12-2016,0
733176,24-12-2016,4
1793680,12-09-2020,0
732263,23-12-2016,1
557589,11-05-2016,1
1013377,23-12-2017,0
821400,15-04-2017,0
1229738,08-10-2018,0
1202318,02-09-2018,0
1557006,24-11-2019,1
1382099,28-04-2019,0
1333480,22-02-2019,2
1314253,27-01-2019,0
2165535,12-11-2021,2
2107916,04-09-2021,2
2005813,16-05-2021,1
1968887,04-04-2021,1
2406042,03-09-2022,2
2398118,25-08-2022,1
2381000,07-08-2022,1
2287581,25-04-2022,1
2585253,30-04-2023,0
2545871,14-03-2023,4
727759,17-12-2016,5
883282,05-07-2017,2
725323,09-12-2016,4
717616,02-12-2016,0
716001,01-12-2016,1
966895,23-10-2017,2
712796,28-11-2016,1
713445,28-11-2016,0
2368575,24-07-2022,2
2538963,04-03-2023,0
709276,24-11-2016,1
1157073,05-07-2018,0
1758774,08-08-2020,1
1708889,18-06-2020,0
2137575,09-10-2021,1
2103132,28-08-2021,0
2011077,21-05-2021,1
1916374,30-01-2021,1
2399820,28-08-2022,0
2376380,02-08-2022,0
708777,23-11-2016,0
708392,22-11-2016,1
1992469,01-05-2021,1
703245,17-11-2016,1
1699193,07-06-2020,0
693624,05-11-2016,1
1201973,01-09-2018,1
1686414,23-05-2020,0
1894941,04-01-2021,0
692315,03-11-2016,2
688210,29-10-2016,0
787435,03-03-2017,0
1243331,29-10-2018,0
1852363,14-11-2020,2
2125227,25-09-2021,0
686312,27-10-2016,4
563630,21-05-2016,1
683142,23-10-2016,2
678438,17-10-2016,1
643824,30-08-2016,0
595279,04-07-2016,0
547319,24-04-2016,2
532604,31-03-2016,0
501349,07-02-2016,0
757032,22-01-2017,0
672203,09-10-2016,1
1793826,13-09-2020,0
2097271,22-08-2021,1
2412289,11-09-2022,0
2361609,17-07-2022,0
2334374,19-06-2022,0
2321693,05-06-2022,1
668279,01-10-2016,4
663624,26-09-2016,0
1399346,18-05-2019,2
1365052,07-04-2019,0
1841432,01-11-2020,1
2166055,13-11-2021,0
2032580,11-06-2021,1
2303130,15-05-2022,0
2579262,22-04-2023,1
662548,25-09-2016,1
1067264,11-03-2018,1
1772438,23-08-2020,0
2050972,02-07-2021,1
661703,23-09-2016,5
657863,18-09-2016,1
656991,16-09-2016,2
652561,11-09-2016,0
1082835,01-04-2018,0
1067296,11-03-2018,1
1428788,21-06-2019,1
1711272,20-06-2020,1
1640007,14-03-2020,2
2080006,31-07-2021,2
1993551,03-05-2021,1
2321772,05-06-2022,3
652606,11-09-2016,0
2437177,13-10-2022,0
651957,08-09-2016,4
651434,08-09-2016,1
2300713,12-05-2022,1
648490,05-09-2016,0
1038429,28-01-2018,4
2253714,14-03-2022,1
641732,29-08-2016,1
641419,28-08-2016,0
811089,03-04-2017,0
1450124,17-07-2019,1
1652073,04-04-2020,2
2247828,06-03-2022,0
2545631,13-03-2023,1
640861,28-08-2016,0
2573436,15-04-2023,4
640500,27-08-2016,1
640901,25-08-2016,0
2012633,22-05-2021,3
634238,20-08-2016,0
1434602,28-06-2019,0
634731,20-08-2016,0
1479395,13-08-2019,2
2147301,21-10-2021,4
1922354,06-02-2021,1
2348263,03-07-2022,0
2340409,26-06-2022,0
2308395,21-05-2022,0
634819,20-08-2016,5
632747,18-08-2016,0
1975405,10-04-2021,0
2259262,21-03-2022,0
628623,13-08-2016,0
628635,13-08-2016,0
626153,10-08-2016,0
2177300,28-11-2021,1
1898261,09-01-2021,6
623523,07-08-2016,2
624046,07-08-2016,1
1013983,24-12-2017,0
1688610,26-05-2020,0
623195,06-08-2016,5
624057,05-08-2016,1
881921,03-07-2017,1
1777180,26-08-2020,3
622500,05-08-2016,2
493085,25-01-2016,1
619708,02-08-2016,0
616948,30-07-2016,3
618321,30-07-2016,0
617334,29-07-2016,0
2108378,05-09-2021,0
2584743,30-04-2023,1
615109,28-07-2016,0
610584,24-07-2016,1
2445686,25-10-2022,2
610379,23-07-2016,4
607265,19-07-2016,0
1800779,19-09-2020,0
604207,15-07-2016,3
603475,14-07-2016,3
602810,13-07-2016,0
2108406,04-09-2021,1
601119,11-07-2016,0
600398,11-07-2016,3
594051,03-07-2016,2
1703044,11-06-2020,6
2107828,04-09-2021,1
1969505,04-04-2021,0
2373924,30-07-2022,1
2362355,16-07-2022,0
2268762,02-04-2022,1
2248613,06-03-2022,0
589488,27-06-2016,3
589046,24-06-2016,0
518436,07-03-2016,5
839846,09-05-2017,3
1052035,17-02-2018,1
1520330,06-10-2019,4
2449986,31-10-2022,1
587735,24-06-2016,0
966153,22-10-2017,0
940142,23-09-2017,2
1151373,27-06-2018,0
1494113,01-09-2019,1
1435041,29-06-2019,0
1754672,04-08-2020,1
1622406,16-02-2020,1
2057427,08-07-2021,0
2375097,31-07-2022,0
2270578,04-04-2022,1
2577642,20-04-2023,1
587769,24-06-2016,3
585821,22-06-2016,3
586044,21-06-2016,0
876076,24-06-2017,0
583537,18-06-2016,2
583584,18-06-2016,1
580848,14-06-2016,0
483750,11-01-2016,1
900963,28-07-2017,0
1160253,09-07-2018,5
1386575,04-05-2019,0
1365173,07-04-2019,0
1749281,28-07-2020,2
1732321,11-07-2020,0
2110346,07-09-2021,0
2012345,22-05-2021,0
1992127,01-05-2021,0
2393474,20-08-2022,0
578238,11-06-2016,0
577073,11-06-2016,3
2377855,03-08-2022,1
575607,09-06-2016,0
573327,06-06-2016,0
572696,05-06-2016,3
560782,17-05-2016,3
565244,15-05-2016,5
558796,14-05-2016,1
554133,06-05-2016,3
551053,01-05-2016,0
1921939,06-02-2021,1
2232351,12-02-2022,1
550445,29-04-2016,0
549071,27-04-2016,3
548333,26-04-2016,1
546760,24-04-2016,0
546244,23-04-2016,3
1206375,09-09-2018,1
1711690,21-06-2020,0
546550,23-04-2016,1
832528,30-04-2017,4
787875,04-03-2017,1
546022,22-04-2016,6
545525,22-04-2016,8
543441,19-04-2016,1
543108,17-04-2016,1
542362,16-04-2016,0
1806035,26-09-2020,1
539705,09-04-2016,0
2313988,27-05-2022,0
525464,19-03-2016,1
1022055,07-01-2018,0
525301,19-03-2016,2
1158826,07-07-2018,3
519541,09-03-2016,6
517058,06-03-2016,1
517114,06-03-2016,0
2196434,24-12-2021,1
513640,28-02-2016,1
512880,27-02-2016,2
512073,26-02-2016,5
511436,25-02-2016,4
509897,23-02-2016,5
495940,30-01-2016,3
2247747,05-03-2022,1
508879,21-02-2016,1
508640,20-02-2016,6
1562685,01-12-2019,1
2155826,29-10-2021,0
2367972,23-07-2022,0
508356,20-02-2016,1
2290026,28-04-2022,1
508113,20-02-2016,2
590221,19-02-2016,4
507998,19-02-2016,1
821667,16-04-2017,0
1246059,30-10-2018,2
1088778,09-04-2018,0
1371024,14-04-2019,1
1701491,09-06-2020,2
505420,14-02-2016,0
1026804,14-01-2018,1
504996,13-02-2016,0
1497702,04-09-2019,2
2049907,30-06-2021,0
501256,07-02-2016,2
500629,06-02-2016,0
494378,27-01-2016,6
1405196,25-05-2019,1
2050353,01-07-2021,2
2465761,22-11-2022,7
486728,17-01-2016,1
1017372,31-12-2017,2
1389220,07-05-2019,1
1018118,31-12-2017,4
1014052,24-12-2017,1
1764756,15-08-2020,2
2166817,14-11-2021,1
1014971,23-12-2017,1
1009629,16-12-2017,0
1008310,15-12-2017,0
1006446,12-12-2017,0
2197391,26-12-2021,3
2296808,07-05-2022,2
990974,17-11-2017,0
1787006,06-09-2020,0
2107467,03-09-2021,1
2257778,18-03-2022,0
987611,14-11-2017,6
985832,11-11-2017,1
2122565,22-09-2021,2
1945999,06-03-2021,1
2258012,19-03-2022,3
2576366,18-04-2023,1
2563072,02-04-2023,1
984822,10-11-2017,0
980577,05-11-2017,27
980192,04-11-2017,0
2198014,27-12-2021,1
2094071,18-08-2021,2
980060,04-11-2017,1
980258,03-11-2017,0
1176169,31-07-2018,2
980401,03-11-2017,1
1873798,08-12-2020,2
974704,28-10-2017,1
935928,17-09-2017,1
1323448,09-02-2019,0
1743488,23-07-2020,0
2037813,17-06-2021,0
2285158,22-04-2022,1
966178,22-10-2017,2
2437630,13-10-2022,0
962359,18-10-2017,3
2095394,19-08-2021,1
962623,16-10-2017,1
884764,06-07-2017,0
1885251,22-12-2020,5
2139674,12-10-2021,3
957980,12-10-2017,2
957562,11-10-2017,4
952720,05-10-2017,4
945990,01-10-2017,3
940554,24-09-2017,1
1096826,22-04-2018,4
2328108,11-06-2022,2
941257,24-09-2017,1
932181,13-09-2017,1
932906,13-09-2017,0
1174423,29-07-2018,0
930569,10-09-2017,9
1080234,29-03-2018,1
931139,09-09-2017,0
927277,04-09-2017,0
926766,03-09-2017,2
1273161,08-12-2018,0
2217882,23-01-2022,4
922184,28-08-2017,2
921289,25-08-2017,0
1686369,15-05-2020,0
2067135,18-07-2021,1
2044733,24-06-2021,1
2455484,06-11-2022,0
917820,21-08-2017,4
913924,14-08-2017,2
907247,05-08-2017,0
907611,05-08-2017,1
1412419,01-06-2019,0
906568,05-08-2017,1
1246489,02-11-2018,3
1364443,06-04-2019,0
1289618,01-01-2019,0
1782962,31-08-2020,0
2469354,27-11-2022,1
2448330,29-10-2022,1
906509,04-08-2017,3
904106,01-08-2017,0
901000,29-07-2017,2
1666600,26-04-2020,1
1605770,26-01-2020,0
898631,26-07-2017,1
1579220,24-12-2019,0
1920771,04-02-2021,2
2497502,07-01-2023,5
893752,18-07-2017,0
886564,09-07-2017,0
886002,08-07-2017,0
883058,05-07-2017,4
882665,04-07-2017,0
882321,04-07-2017,1
1429399,22-06-2019,0
883489,04-07-2017,1
1834280,25-10-2020,1
1745903,25-07-2020,0
2436826,13-10-2022,5
2386032,13-08-2022,0
2224013,31-01-2022,1
882422,03-07-2017,3
880738,02-07-2017,0
1188597,15-08-2018,0
1654971,08-04-2020,1
2081131,02-08-2021,3
883656,01-07-2017,0
874613,24-06-2017,1
743995,06-01-2017,5
1732365,12-07-2020,2
2255816,17-03-2022,2
2227759,06-02-2022,0
868363,15-06-2017,5
866739,14-06-2017,1
1727743,07-07-2020,0
868147,14-06-2017,0
869474,13-06-2017,0
861307,06-06-2017,3
855764,30-05-2017,1
853901,28-05-2017,0
1987235,25-04-2021,0
853920,28-05-2017,0
853756,27-05-2017,8
845364,16-05-2017,3
843045,14-05-2017,0
843172,14-05-2017,0
832309,30-04-2017,1
2528239,18-02-2023,0
835459,29-04-2017,1
831800,29-04-2017,1
831667,29-04-2017,1
1373557,16-04-2019,1
2094421,18-08-2021,1
832063,29-04-2017,0
1156638,05-07-2018,0
1086966,06-04-2018,1
1410442,31-05-2019,13
1846712,08-11-2020,0
1962562,26-03-2021,0
2565404,05-04-2023,0
825694,21-04-2017,2
821723,16-04-2017,0
2181096,02-12-2021,3
2304029,15-05-2022,0
2521423,08-02-2023,0
821640,15-04-2017,0
821651,15-04-2017,0
1071381,17-03-2018,0
822750,15-04-2017,0
813877,07-04-2017,3
1087153,08-04-2018,1
813943,07-04-2017,4
1435217,28-06-2019,0
2137198,10-10-2021,1
2133137,05-10-2021,0
2115947,12-09-2021,4
1992570,02-05-2021,0
2406597,04-09-2022,3
2238575,21-02-2022,1
2533625,25-02-2023,2
813028,06-04-2017,1
1527721,04-08-2019,0
1729506,01-07-2020,0
1705050,14-06-2020,0
1687999,25-05-2020,0
1979869,15-04-2021,1
2471298,30-11-2022,0
809815,01-04-2017,0
804115,27-03-2017,2
2503245,16-01-2023,1
802926,25-03-2017,1
2249608,07-03-2022,0
2212203,15-01-2022,0
800363,22-03-2017,5
794468,15-03-2017,3
1934077,20-02-2021,3
791274,10-03-2017,3
783102,25-02-2017,2
779582,21-02-2017,4
773002,12-02-2017,1
773908,12-02-2017,0
772989,11-02-2017,0
768243,06-02-2017,4
1962934,27-03-2021,0
764020,30-01-2017,0
1025158,27-01-2017,4
761973,27-01-2017,0
760482,26-01-2017,2
1204486,04-09-2018,0
1312391,26-01-2019,0
1784141,02-09-2020,1
1673633,06-05-2020,1
2499425,08-01-2023,0
757158,22-01-2017,3
756801,21-01-2017,0
1853089,15-11-2020,2
756526,21-01-2017,0
1886372,25-12-2020,1
1611037,31-01-2020,1
2034470,14-06-2021,1
757955,20-01-2017,1
1732532,12-07-2020,2
752249,15-01-2017,3
751367,15-01-2017,1
742542,04-01-2017,3
742001,03-01-2017,0
1969221,03-04-2021,6
743282,01-01-2017,0
1288376,29-12-2018,1
1157733,05-07-2018,1
1287286,28-12-2018,4
1284586,24-12-2018,2
1276298,11-12-2018,1
1272855,09-12-2018,0
1755566,04-08-2020,0
1272106,08-12-2018,0
1800549,20-09-2020,0
1767851,18-08-2020,0
2079516,31-07-2021,0
2060605,12-07-2021,0
2425393,27-09-2022,0
2417634,18-09-2022,1
2349758,04-07-2022,0
2347228,02-07-2022,1
1266937,26-11-2018,0
1262814,25-11-2018,2
1258009,18-11-2018,1
1254225,13-11-2018,4
1254084,12-11-2018,3
1253361,11-11-2018,3
1249561,07-11-2018,13
1246727,03-11-2018,0
1247019,02-11-2018,0
1243010,28-10-2018,2
1238052,21-10-2018,1
1233068,14-10-2018,2
2305208,17-05-2022,1
1232288,13-10-2018,4
1232044,12-10-2018,0
2072342,23-07-2021,2
2050151,01-07-2021,2
1226179,04-10-2018,1
1225631,04-10-2018,0
2052471,03-07-2021,1
2419473,19-09-2022,1
1215954,23-09-2018,0
1215904,22-09-2018,0
2321698,04-06-2022,1
2554912,25-03-2023,0
1213926,20-09-2018,4
1213223,19-09-2018,1
1213293,19-09-2018,1
1212984,18-09-2018,0
1640278,13-03-2020,0
1211659,17-09-2018,4
1201885,02-09-2018,0
1892034,01-01-2021,0
1200904,31-08-2018,2
1126434,27-05-2018,1
1419305,11-06-2019,0
1717828,26-06-2020,0
1594173,11-01-2020,0
2176653,28-11-2021,0
2167297,15-11-2021,0
2130634,02-10-2021,1
2040265,20-06-2021,1
2448366,30-10-2022,4
2250540,09-03-2022,1
1186888,14-08-2018,0
1185520,12-08-2018,4
1184607,11-08-2018,1
1174990,29-07-2018,0
1535629,27-10-2019,1
1732688,12-07-2020,0
2186517,10-12-2021,1
2034408,14-06-2021,2
2257132,17-03-2022,0
1173476,27-07-2018,5
1169656,20-07-2018,1
2296064,05-05-2022,0
1165214,16-07-2018,2
1149173,24-06-2018,1
1056240,23-02-2018,1
1163947,14-07-2018,0
1161230,11-07-2018,0
1160418,08-07-2018,0
1153134,30-06-2018,1
1151584,28-06-2018,5
1827437,18-10-2020,1
1148468,24-06-2018,1
1148678,24-06-2018,0
1148647,24-06-2018,0
1161366,23-06-2018,0
1332181,20-02-2019,0
1147323,22-06-2018,1
1146760,21-06-2018,0
1144852,18-06-2018,3
1137848,10-06-2018,2
1141645,14-06-2018,0
1141943,14-06-2018,1
1141108,14-06-2018,1
1137435,10-06-2018,0
1137586,10-06-2018,1
1137547,10-06-2018,0
1561813,01-12-2019,1
1327321,15-02-2019,6
1137600,10-06-2018,1
1137737,09-06-2018,0
1129432,31-05-2018,3
1122728,20-05-2018,0
1121111,20-05-2018,1
1118785,18-05-2018,10
1116705,16-05-2018,5
1114402,13-05-2018,0
1113538,12-05-2018,0
1112948,11-05-2018,1
1108856,06-05-2018,0
1110773,04-05-2018,0
1109928,04-05-2018,0
1103454,30-04-2018,0
2534613,26-02-2023,2
1103423,29-04-2018,0
1102808,29-04-2018,2
1103045,29-04-2018,1
1102559,28-04-2018,0
1095043,18-04-2018,4
2393051,20-08-2022,0
1082273,31-03-2018,0
1077180,24-03-2018,0
1078612,13-03-2018,0
1066594,09-03-2018,3
1064514,07-03-2018,2
2440211,08-10-2022,2
1049217,14-02-2018,17
1046961,10-02-2018,5
1044234,07-02-2018,3
1042280,03-02-2018,1
2022129,31-05-2021,1
1037529,28-01-2018,5
1037438,27-01-2018,0
1033262,23-01-2018,2
1042072,15-01-2018,0
1027013,14-01-2018,0
1025272,11-01-2018,2
1022067,07-01-2018,1
1021788,05-01-2018,0
2451550,02-11-2022,2
1020574,04-01-2018,1
1583444,29-12-2019,0
1636564,08-03-2020,1
1580308,26-12-2019,0
2155172,30-10-2021,1
1930463,16-02-2021,3
1579970,25-12-2019,1
1594317,24-12-2019,0
2155329,31-10-2021,3
2234868,15-02-2022,1
1577688,22-12-2019,1
1578711,21-12-2019,0
1577438,20-12-2019,2
1573754,17-12-2019,4
1573471,14-12-2019,0
1571348,12-12-2019,1
2502550,14-01-2023,0
1567932,08-12-2019,2
1565216,06-12-2019,4
1622962,16-02-2020,1
1978616,15-04-2021,0
2333675,18-06-2022,0
1562043,01-12-2019,2
1561398,30-11-2019,0
1784570,03-09-2020,1
1558067,25-11-2019,2
1556984,24-11-2019,2
1554807,21-11-2019,0
1548689,14-11-2019,3
1546508,09-11-2019,0
1540841,03-11-2019,1
2080390,01-08-2021,1
1539572,01-11-2019,0
1539557,01-11-2019,0
1539347,31-10-2019,5
1535478,26-10-2019,2
1533166,22-10-2019,1
1531326,21-10-2019,0
1499460,08-09-2019,2
1852604,14-11-2020,3
2551678,21-03-2023,5
1530965,20-10-2019,1
1530407,19-10-2019,0
2380783,06-08-2022,0
1525265,12-10-2019,1
1521226,07-10-2019,5
1519090,03-10-2019,1
1518859,03-10-2019,1
1515312,29-09-2019,1
1517360,29-09-2019,0
1508804,21-09-2019,2
1653012,05-04-2020,1
1505354,16-09-2019,2
1500098,08-09-2019,1
1400146,20-05-2019,1
2243285,27-02-2022,0
1499300,07-09-2019,3
1494697,02-09-2019,2
1810696,30-09-2020,0
1660797,17-04-2020,1
1625787,20-02-2020,0
2047726,27-06-2021,0
1951476,12-03-2021,1
2445939,25-10-2022,2
2354111,08-07-2022,0
2513575,29-01-2023,1
1495192,02-09-2019,5
1494548,01-09-2019,0
1492441,31-08-2019,8
1492297,31-08-2019,0
1487729,25-08-2019,3
1487356,24-08-2019,0
1487224,24-08-2019,1
1887059,26-12-2020,1
1725407,04-07-2020,1
1489373,23-08-2019,0
1478480,12-08-2019,0
1834617,24-10-2020,2
2346406,01-07-2022,1
1460448,28-07-2019,4
2154851,30-10-2021,2
1461352,28-07-2019,5
1459201,26-07-2019,1
1457165,25-07-2019,4
1452654,20-07-2019,0
1440879,05-07-2019,1
1439042,03-07-2019,2
1676746,10-05-2020,0
1438602,02-07-2019,0
1436545,30-06-2019,0
1435578,30-06-2019,0
2013595,23-05-2021,0
1435297,29-06-2019,0
1429475,23-06-2019,1
1429338,23-06-2019,3
1428047,21-06-2019,5
1426537,20-06-2019,0
2493102,01-01-2023,0
1418457,09-06-2019,1
1418180,08-06-2019,5
1415399,05-06-2019,0
2053500,05-07-2021,1
1411661,31-05-2019,1
1410329,30-05-2019,0
1700234,07-06-2020,1
1408289,29-05-2019,3
2584064,28-04-2023,5
1409255,29-05-2019,1
1405749,26-05-2019,0
1399017,18-05-2019,1
1398553,18-05-2019,1
1398584,18-05-2019,2
2130763,01-10-2021,0
2274790,10-04-2022,3
1398538,18-05-2019,1
1396491,15-05-2019,0
1392923,11-05-2019,0
1386962,05-05-2019,1
1387170,05-05-2019,0
1382711,28-04-2019,4
1381273,27-04-2019,1
1370269,12-04-2019,0
2097481,22-08-2021,1
1363737,04-04-2019,1
1362715,04-04-2019,3
1362364,02-04-2019,0
1362182,02-04-2019,0
1909849,22-01-2021,0
2270747,04-04-2022,0
1349256,17-03-2019,1
1347894,14-03-2019,1
1332507,21-02-2019,2
1329144,17-02-2019,2
1328562,16-02-2019,5
1324279,11-02-2019,5
1896384,06-01-2021,2
1320286,03-02-2019,4
1312284,26-01-2019,5
1310775,24-01-2019,4
1310397,24-01-2019,4
2579441,21-04-2023,0
1309114,23-01-2019,5
1305563,19-01-2019,0
1305679,19-01-2019,1
1303486,17-01-2019,3
1303303,16-01-2019,3
1293054,04-01-2019,3
1761557,11-08-2020,0
1292684,04-01-2019,3
1890946,31-12-2020,0
1886721,25-12-2020,5
1876727,13-12-2020,4
1876231,12-12-2020,2
1876552,12-12-2020,2
1877628,10-12-2020,0
1908063,08-12-2020,6
1870827,06-12-2020,0
1871627,05-12-2020,1
1870840,05-12-2020,0
1867006,01-12-2020,1
1866100,30-11-2020,4
1864683,29-11-2020,0
1863726,28-11-2020,1
2124396,24-09-2021,4
1862603,26-11-2020,1
1842362,03-11-2020,4
2315361,29-05-2022,0
1858965,21-11-2020,2
1857040,20-11-2020,0
1856417,19-11-2020,1
1852853,14-11-2020,0
1846764,07-11-2020,0
1845690,07-11-2020,1
1826613,17-10-2020,0
1971410,07-04-2021,7
1843360,04-11-2020,0
1840534,01-11-2020,0
1840310,01-11-2020,1
2040991,20-06-2021,1
1839576,31-10-2020,0
1839462,31-10-2020,0
1840041,31-10-2020,0
1839112,30-10-2020,1
1838368,29-10-2020,0
1832977,22-10-2020,0
1830822,21-10-2020,2
1826680,17-10-2020,1
1823101,10-10-2020,0
1819955,10-10-2020,2
2400998,29-08-2022,0
1809484,29-09-2020,2
1806002,26-09-2020,2
1804511,23-09-2020,1
1800886,21-09-2020,1
1795391,14-09-2020,0
1794138,13-09-2020,3
1793521,13-09-2020,2
1792624,11-09-2020,0
1788352,07-09-2020,7
1786829,06-09-2020,0
1746417,26-07-2020,1
1786855,06-09-2020,1
1785713,05-09-2020,0
1805455,03-09-2020,1
1780199,30-08-2020,1
2474143,04-12-2022,0
1780091,30-08-2020,0
1778571,29-08-2020,1
1686615,23-05-2020,1
1776905,26-08-2020,0
1772934,23-08-2020,0
2564105,03-04-2023,1
1772680,23-08-2020,1
1772174,22-08-2020,1
1767402,17-08-2020,3
1765336,15-08-2020,4
1759425,08-08-2020,1
2584772,30-04-2023,0
1759237,08-08-2020,1
1754613,04-08-2020,1
2513044,28-01-2023,3
1753235,01-08-2020,2
1749873,29-07-2020,5
1748134,27-07-2020,1
1746658,26-07-2020,0
1748023,26-07-2020,0
2025254,02-06-2021,0
1745737,25-07-2020,0
1743168,23-07-2020,1
1739413,17-07-2020,0
1735573,14-07-2020,0
2434151,08-10-2022,0
1734058,13-07-2020,0
1725108,05-07-2020,2
2066249,16-07-2021,1
1726770,05-07-2020,1
1725327,05-07-2020,0
2170438,18-11-2021,1
1725635,05-07-2020,0
1726034,05-07-2020,1
1727515,05-07-2020,0
1725025,04-07-2020,1
2236857,18-02-2022,2
1725735,04-07-2020,0
1723897,03-07-2020,1
1723184,02-07-2020,2
1611563,31-01-2020,1
2434847,10-10-2022,1
1723352,02-07-2020,0
1722317,30-06-2020,0
1720834,29-06-2020,0
1720655,29-06-2020,1
1719668,28-06-2020,0
1718847,27-06-2020,3
1715231,23-06-2020,0
1710849,20-06-2020,0
1710920,20-06-2020,2
1706994,16-06-2020,2
1705355,13-06-2020,0
1705440,13-06-2020,0
1701714,10-06-2020,2
1700864,09-06-2020,0
1699577,07-06-2020,0
1699211,07-06-2020,2
1700812,06-06-2020,0
1698276,06-06-2020,0
1697453,04-06-2020,7
1695586,02-06-2020,0
2144160,17-10-2021,0
2232854,13-02-2022,1
1693340,31-05-2020,1
2201716,31-12-2021,4
1693246,30-05-2020,2
1688753,26-05-2020,3
1687414,24-05-2020,3
1687027,23-05-2020,2
1682233,17-05-2020,4
1681588,16-05-2020,0
2244673,26-02-2022,0
1678589,13-05-2020,1
1661537,18-04-2020,2
1656265,10-04-2020,0
2025891,04-06-2021,1
1652601,04-04-2020,0
1652328,04-04-2020,1
2019622,30-05-2021,3
2543201,10-03-2023,5
1643775,22-03-2020,0
1640295,15-03-2020,7
1636471,08-03-2020,0
1635796,08-03-2020,1
1634128,04-03-2020,1
2454565,06-11-2022,0
1631831,29-02-2020,0
1627335,23-02-2020,3
1625553,20-02-2020,2
1623696,17-02-2020,2
1619064,10-02-2020,1
2137555,10-10-2021,1
2050167,30-06-2021,1
1940791,28-02-2021,0
1613020,03-02-2020,3
1612716,03-02-2020,1
1612597,01-02-2020,0
2463882,19-11-2022,1
1610240,30-01-2020,0
2315333,28-05-2022,1
1605948,26-01-2020,0
2539531,04-03-2023,0
1605752,26-01-2020,3
1606476,24-01-2020,5
1600350,18-01-2020,2
1599331,17-01-2020,4
1592655,08-01-2020,2
2584748,30-04-2023,2
1585394,01-01-2020,0
2101774,27-08-2021,2
2201052,30-12-2021,3
2197178,26-12-2021,1
2197421,26-12-2021,1
2187939,12-12-2021,0
2187990,12-12-2021,1
2431069,05-10-2022,5
2188066,12-12-2021,0
2439423,17-10-2022,4
2187027,11-12-2021,1
1962686,27-03-2021,1
2186246,09-12-2021,1
2178487,30-11-2021,4
2179099,30-11-2021,4
2177416,28-11-2021,5
2439294,16-10-2022,0
2175615,25-11-2021,0
2173531,23-11-2021,0
2174033,23-11-2021,1
2160608,06-11-2021,0
2174685,22-11-2021,2
2172178,21-11-2021,0
2172018,20-11-2021,0
2166953,14-11-2021,2
2163772,09-11-2021,1
2163617,09-11-2021,3
2162196,08-11-2021,3
2161323,07-11-2021,1
2145931,19-10-2021,3
1980689,18-04-2021,3
2417641,18-09-2022,2
2349746,04-07-2022,1
2201641,01-01-2022,1
2161116,06-11-2021,2
2155517,31-10-2021,2
2155428,31-10-2021,1
2155001,30-10-2021,1
2154283,29-10-2021,0
2150274,25-10-2021,3
2154085,24-10-2021,2
2150037,24-10-2021,2
2148891,23-10-2021,1
2148633,23-10-2021,1
2148946,22-10-2021,0
2386151,13-08-2022,0
2367193,23-07-2022,1
2147042,20-10-2021,4
2143277,17-10-2021,1
2155043,14-10-2021,0
2238312,20-02-2022,1
2139048,12-10-2021,1
2137321,10-10-2021,2
2137561,10-10-2021,0
1892114,01-01-2021,1
2136907,09-10-2021,2
2131471,03-10-2021,1
2126261,26-09-2021,3
2125444,25-09-2021,4
2123395,23-09-2021,2
2119950,19-09-2021,1
2119478,18-09-2021,0
2289308,27-04-2022,2
2114626,12-09-2021,0
2122103,12-09-2021,2
2114510,11-09-2021,0
2108892,05-09-2021,0
2115336,05-09-2021,0
2107198,02-09-2021,0
2104725,31-08-2021,2
2104181,30-08-2021,3
2102082,27-08-2021,1
2092110,14-08-2021,0
2089557,10-08-2021,2
2081884,03-08-2021,1
2074406,25-07-2021,5
2071982,23-07-2021,0
2072896,23-07-2021,2
2069490,21-07-2021,1
2068568,20-07-2021,4
2067728,19-07-2021,0
2066680,18-07-2021,0
2066812,18-07-2021,1
2064260,16-07-2021,0
2063495,15-07-2021,1
2063897,15-07-2021,1
2063394,14-07-2021,2
2060706,12-07-2021,2
2060293,12-07-2021,0
2059440,11-07-2021,1
2320673,04-06-2022,0
2052524,04-07-2021,0
2053563,04-07-2021,0
2052058,03-07-2021,3
2051763,03-07-2021,0
2512617,26-01-2023,0
2046574,27-06-2021,1
2047787,26-06-2021,1
2041363,20-06-2021,1
2040243,20-06-2021,1
2035313,15-06-2021,3
2033905,13-06-2021,1
2031801,11-06-2021,2
2030639,10-06-2021,0
2027046,07-06-2021,3
2503178,15-01-2023,1
2026651,06-06-2021,0
2026123,06-06-2021,3
2019751,30-05-2021,1
1960283,23-03-2021,2
2014343,24-05-2021,2
2014381,24-05-2021,4
2008415,18-05-2021,1
2005671,16-05-2021,0
2524577,13-02-2023,4
2002286,12-05-2021,2
1998865,08-05-2021,0
1998476,08-05-2021,4
1998067,07-05-2021,2
1992410,01-05-2021,1
1992490,01-05-2021,0
1989840,28-04-2021,5
1989023,27-04-2021,1
1988326,26-04-2021,0
1956081,18-03-2021,0
1893953,03-01-2021,0
1991347,25-04-2021,0
1980971,17-04-2021,0
1973809,10-04-2021,0
2417696,18-09-2022,0
1973692,10-04-2021,1
1972187,08-04-2021,1
2584763,30-04-2023,0
1967893,03-04-2021,0
2298092,09-05-2022,0
1968553,03-04-2021,0
1966181,31-03-2021,4
1963598,28-03-2021,5
1958652,22-03-2021,10
1954379,16-03-2021,8
1950346,11-03-2021,1
1948233,08-03-2021,1
1948470,07-03-2021,0
1947241,06-03-2021,2
1941669,28-02-2021,0
1941647,28-02-2021,0
1943271,27-02-2021,0
2487989,24-12-2022,1
1940190,27-02-2021,2
1934704,21-02-2021,1
1935235,21-02-2021,0
1934225,20-02-2021,1
1933975,20-02-2021,1
1934181,20-02-2021,1
1928205,13-02-2021,1
1924338,09-02-2021,1
1923786,06-02-2021,0
1921768,06-02-2021,1
1921641,05-02-2021,1
1924951,05-02-2021,3
1919696,03-02-2021,3
1917918,02-02-2021,3
1917909,02-02-2021,6
1914798,29-01-2021,2
1913708,27-01-2021,0
2484083,18-12-2022,1
1905423,18-01-2021,0
1893877,03-01-2021,2
1891720,01-01-2021,0
2489124,27-12-2022,2
2485011,19-12-2022,0
2539515,05-03-2023,0
2483188,16-12-2022,2
2467743,24-11-2022,1
2466835,23-11-2022,0
2464943,20-11-2022,4
2464352,19-11-2022,1
2458676,13-11-2022,1
2459150,13-11-2022,3
2459259,12-11-2022,1
2455710,07-11-2022,0
2452798,04-11-2022,5
2448361,30-10-2022,2
2447217,27-10-2022,8
2443257,22-10-2022,0
2443287,22-10-2022,0
2450590,21-10-2022,1
2444683,21-10-2022,6
2438461,16-10-2022,0
2438154,15-10-2022,0
2438494,15-10-2022,0
2438723,15-10-2022,2
2434247,09-10-2022,5
2439284,09-10-2022,4
2434326,09-10-2022,1
2433352,08-10-2022,1
2428456,30-09-2022,0
2426627,29-09-2022,5
2426382,28-09-2022,0
2426061,27-09-2022,0
2570789,12-04-2023,1
2423747,25-09-2022,0
2423338,25-09-2022,1
2423331,24-09-2022,1
2424602,23-09-2022,0
2420637,20-09-2022,2
2417293,17-09-2022,0
2415614,14-09-2022,0
2412164,11-09-2022,0
2411801,10-09-2022,2
2410446,09-09-2022,5
2406998,05-09-2022,2
2406656,04-09-2022,0
2405689,03-09-2022,0
2405866,03-09-2022,0
2399774,28-08-2022,0
2400434,28-08-2022,3
2399000,27-08-2022,1
2397504,25-08-2022,0
2398004,25-08-2022,2
2398608,16-08-2022,0
2387010,13-08-2022,1
2328482,11-06-2022,0
2383958,10-08-2022,1
2379020,04-08-2022,4
2375725,01-08-2022,1
2373692,30-07-2022,0
2373859,30-07-2022,1
2371416,27-07-2022,1
2367289,23-07-2022,1
2363589,19-07-2022,0
2362595,17-07-2022,0
2362011,17-07-2022,4
2362215,17-07-2022,1
2362562,17-07-2022,2
2544920,11-03-2023,1
2356705,10-07-2022,1
2355580,10-07-2022,3
2356813,10-07-2022,1
2355962,09-07-2022,0
2352349,06-07-2022,0
2352342,05-07-2022,0
2348384,04-07-2022,7
2347373,03-07-2022,0
2348303,03-07-2022,3
2347060,02-07-2022,3
2347297,02-07-2022,0
2345144,30-06-2022,3
2340458,26-06-2022,1
2340720,26-06-2022,1
2340696,26-06-2022,0
2335872,20-06-2022,0
2328532,12-06-2022,0
2360288,11-06-2022,0
2325498,09-06-2022,3
2325328,08-06-2022,0
2322804,05-06-2022,0
2513517,28-01-2023,2
2321193,04-06-2022,0
2321593,04-06-2022,1
2320361,03-06-2022,1
2319567,02-06-2022,6
2315150,29-05-2022,1
2315417,28-05-2022,0
2313970,27-05-2022,4
2310278,24-05-2022,22
2308096,21-05-2022,2
2307631,20-05-2022,1
2302847,15-05-2022,1
2354757,13-05-2022,0
2299176,10-05-2022,1
2297261,08-05-2022,3
2294515,03-05-2022,0
2292452,01-05-2022,0
2291534,29-04-2022,0
2288842,27-04-2022,4
2574091,16-04-2023,0
2286061,24-04-2022,2
2285267,21-04-2022,4
2283535,20-04-2022,5
2280875,17-04-2022,0
2282256,17-04-2022,0
2281410,16-04-2022,1
2275283,10-04-2022,2
2268723,02-04-2022,1
2264094,26-03-2022,2
2257739,19-03-2022,1
2257674,19-03-2022,1
2253654,12-03-2022,1
2248066,06-03-2022,1
2247622,06-03-2022,2
2237593,19-02-2022,2
2237196,19-02-2022,0
2232287,12-02-2022,0
2228979,06-02-2022,0
2227058,05-02-2022,8
2202976,02-01-2022,2
2227187,05-02-2022,1
2227035,04-02-2022,1
2225493,02-02-2022,1
2222953,30-01-2022,1
2212018,15-01-2022,1
2211746,14-01-2022,0
2201876,01-01-2022,0
2585718,30-04-2023,4
2584930,30-04-2023,1
2584711,29-04-2023,0
2579179,23-04-2023,0
2575621,18-04-2023,4
2574324,16-04-2023,0
2572960,15-04-2023,2
2572997,15-04-2023,1
2566705,07-04-2023,0
2555123,26-03-2023,0
2553878,25-03-2023,1
2555579,25-03-2023,0
2539582,05-03-2023,3
2536665,01-03-2023,4
2534995,27-02-2023,4
2534393,25-02-2023,0
2533920,24-02-2023,0
2527517,17-02-2023,6
2523928,12-02-2023,1
2521084,08-02-2023,0
2518456,05-02-2023,1
2518281,05-02-2023,2
2517797,04-02-2023,2
2516309,01-02-2023,0
2510365,24-01-2023,3
2509663,23-01-2023,7
2508683,22-01-2023,0
2507836,21-01-2023,12
2503345,16-01-2023,6
2503649,16-01-2023,1
2495648,04-01-2023,8
2495059,04-01-2023,1
